project_id,project_key,issue_id,issue_key,issue_type_id,issue_type_name,issue_created_date,issue_points,changelog_id,status_from_id,status_from_name,status_to_id,status_to_name,status_from_category_name,status_to_category_name,status_change_date
1,PRJ,55840,PRJ-1161,10004,Bug,2020-06-01T15:49:02.582000+00:00,5,381910,10000,To Do,3,In Progress,To Do,In Progress,2020-06-01T22:51:25.761000+00:00
1,PRJ,55840,PRJ-1161,10004,Bug,2020-06-01T15:49:02.582000+00:00,3,383545,3,In Progress,10017,Review,In Progress,In Progress,2020-06-03T19:02:26.924000+00:00
1,PRJ,55840,PRJ-1161,10004,Bug,2020-06-01T15:49:02.582000+00:00,6,384710,10017,Review,10016,Deployed,In Progress,Done,2020-06-08T12:13:02.847000+00:00
1,PRJ,55841,PRJ-1162,10004,Bug,2020-06-01T15:49:37.672000+00:00,1,396111,10000,To Do,10115,Prioritized,To Do,To Do,2020-06-24T14:18:03.760000+00:00
1,PRJ,55841,PRJ-1162,10004,Bug,2020-06-01T15:49:37.672000+00:00,5,396114,10115,Prioritized,10000,To Do,To Do,To Do,2020-06-24T14:19:02.728000+00:00
1,PRJ,55841,PRJ-1162,10004,Bug,2020-06-01T15:49:37.672000+00:00,6,400643,10000,To Do,10087,Can't Fix,To Do,Done,2020-06-30T16:40:10.782000+00:00
1,PRJ,55842,PRJ-1163,10004,Bug,2020-06-01T15:50:51.594000+00:00,3,380881,10000,To Do,3,In Progress,To Do,In Progress,2020-06-01T16:43:45.490000+00:00
1,PRJ,55842,PRJ-1163,10004,Bug,2020-06-01T15:50:51.594000+00:00,2,382534,3,In Progress,10016,Deployed,In Progress,Done,2020-06-02T15:10:07.725000+00:00
1,PRJ,55876,PRJ-1164,10004,Bug,2020-06-01T18:21:09.124000+00:00,6,381147,10000,To Do,10115,Prioritized,To Do,To Do,2020-06-01T18:23:23.254000+00:00
1,PRJ,55876,PRJ-1164,10004,Bug,2020-06-01T18:21:09.124000+00:00,2,386533,10115,Prioritized,10017,Review,To Do,In Progress,2020-06-09T19:06:37.082000+00:00
1,PRJ,55876,PRJ-1164,10004,Bug,2020-06-01T18:21:09.124000+00:00,3,387708,10017,Review,10016,Deployed,In Progress,Done,2020-06-10T17:00:50.078000+00:00
1,PRJ,55913,PRJ-1165,10002,Task,2020-06-01T20:37:51.020000+00:00,2,,,,,,,,
1,PRJ,55983,PRJ-1166,10002,Task,2020-06-02T14:00:13.820000+00:00,4,382325,10000,To Do,10115,Prioritized,To Do,To Do,2020-06-02T14:00:50.666000+00:00
1,PRJ,55983,PRJ-1166,10002,Task,2020-06-02T14:00:13.820000+00:00,5,382328,10115,Prioritized,3,In Progress,To Do,In Progress,2020-06-02T14:01:03.861000+00:00
1,PRJ,55983,PRJ-1166,10002,Task,2020-06-02T14:00:13.820000+00:00,4,384791,3,In Progress,10016,Deployed,In Progress,Done,2020-06-08T14:19:57.669000+00:00
1,PRJ,55984,PRJ-1167,10001,Story,2020-06-02T14:02:20.183000+00:00,2,382330,10000,To Do,10115,Prioritized,To Do,To Do,2020-06-02T14:02:35.523000+00:00
1,PRJ,55984,PRJ-1167,10001,Story,2020-06-02T14:02:20.183000+00:00,4,382480,10115,Prioritized,10000,To Do,To Do,To Do,2020-06-02T14:39:37.262000+00:00
1,PRJ,55984,PRJ-1167,10001,Story,2020-06-02T14:02:20.183000+00:00,5,382485,10000,To Do,10115,Prioritized,To Do,To Do,2020-06-02T14:40:28.652000+00:00
1,PRJ,55984,PRJ-1167,10001,Story,2020-06-02T14:02:20.183000+00:00,5,382575,10115,Prioritized,10000,To Do,To Do,To Do,2020-06-02T15:26:23.897000+00:00
1,PRJ,55984,PRJ-1167,10001,Story,2020-06-02T14:02:20.183000+00:00,6,391402,10000,To Do,3,In Progress,To Do,In Progress,2020-06-16T15:20:18.127000+00:00
1,PRJ,55984,PRJ-1167,10001,Story,2020-06-02T14:02:20.183000+00:00,7,391409,3,In Progress,10115,Prioritized,In Progress,To Do,2020-06-16T15:26:02.599000+00:00
1,PRJ,55984,PRJ-1167,10001,Story,2020-06-02T14:02:20.183000+00:00,3,393393,10115,Prioritized,3,In Progress,To Do,In Progress,2020-06-18T19:31:55.329000+00:00
1,PRJ,55984,PRJ-1167,10001,Story,2020-06-02T14:02:20.183000+00:00,3,394163,3,In Progress,10016,Deployed,In Progress,Done,2020-06-22T14:35:58.291000+00:00
1,PRJ,55985,PRJ-1168,10002,Task,2020-06-02T14:03:08.150000+00:00,1,382343,10000,To Do,10115,Prioritized,To Do,To Do,2020-06-02T14:03:35.051000+00:00
1,PRJ,55985,PRJ-1168,10002,Task,2020-06-02T14:03:08.150000+00:00,2,382482,10115,Prioritized,10000,To Do,To Do,To Do,2020-06-02T14:39:45.072000+00:00
1,PRJ,55985,PRJ-1168,10002,Task,2020-06-02T14:03:08.150000+00:00,2,382486,10000,To Do,10115,Prioritized,To Do,To Do,2020-06-02T14:40:36.782000+00:00
1,PRJ,55985,PRJ-1168,10002,Task,2020-06-02T14:03:08.150000+00:00,3,382576,10115,Prioritized,10000,To Do,To Do,To Do,2020-06-02T15:26:33.496000+00:00
1,PRJ,55985,PRJ-1168,10002,Task,2020-06-02T14:03:08.150000+00:00,7,391403,10000,To Do,10115,Prioritized,To Do,To Do,2020-06-16T15:20:26.533000+00:00
1,PRJ,55985,PRJ-1168,10002,Task,2020-06-02T14:03:08.150000+00:00,8,400421,10115,Prioritized,3,In Progress,To Do,In Progress,2020-06-30T13:17:23.878000+00:00
1,PRJ,55985,PRJ-1168,10002,Task,2020-06-02T14:03:08.150000+00:00,2,403377,3,In Progress,10016,Deployed,In Progress,Done,2020-07-06T14:49:39.801000+00:00
1,PRJ,55986,PRJ-1169,10002,Task,2020-06-02T14:03:45.042000+00:00,3,382351,10000,To Do,10115,Prioritized,To Do,To Do,2020-06-02T14:04:06.500000+00:00
1,PRJ,55986,PRJ-1169,10002,Task,2020-06-02T14:03:45.042000+00:00,8,382483,10115,Prioritized,10000,To Do,To Do,To Do,2020-06-02T14:39:52.678000+00:00
1,PRJ,55986,PRJ-1169,10002,Task,2020-06-02T14:03:45.042000+00:00,8,382487,10000,To Do,10115,Prioritized,To Do,To Do,2020-06-02T14:40:40.618000+00:00
1,PRJ,55986,PRJ-1169,10002,Task,2020-06-02T14:03:45.042000+00:00,5,382577,10115,Prioritized,10000,To Do,To Do,To Do,2020-06-02T15:26:41.161000+00:00
1,PRJ,55986,PRJ-1169,10002,Task,2020-06-02T14:03:45.042000+00:00,4,391404,10000,To Do,10115,Prioritized,To Do,To Do,2020-06-16T15:20:31.176000+00:00
1,PRJ,55986,PRJ-1169,10002,Task,2020-06-02T14:03:45.042000+00:00,7,421940,10115,Prioritized,10000,To Do,To Do,To Do,2020-07-28T15:09:11.811000+00:00
1,PRJ,55988,PRJ-1171,10002,Task,2020-06-02T14:08:28.016000+00:00,4,382369,10000,To Do,10115,Prioritized,To Do,To Do,2020-06-02T14:08:55.050000+00:00
1,PRJ,55988,PRJ-1171,10002,Task,2020-06-02T14:08:28.016000+00:00,2,382384,10115,Prioritized,3,In Progress,To Do,In Progress,2020-06-02T14:11:45.089000+00:00
1,PRJ,55988,PRJ-1171,10002,Task,2020-06-02T14:08:28.016000+00:00,3,384790,3,In Progress,10016,Deployed,In Progress,Done,2020-06-08T14:19:54.636000+00:00
1,PRJ,55990,PRJ-1172,10001,Story,2020-06-02T14:12:35.621000+00:00,1,382392,10000,To Do,10115,Prioritized,To Do,To Do,2020-06-02T14:13:15.808000+00:00
1,PRJ,55990,PRJ-1172,10001,Story,2020-06-02T14:12:35.621000+00:00,7,382394,10115,Prioritized,3,In Progress,To Do,In Progress,2020-06-02T14:13:26.975000+00:00
1,PRJ,55990,PRJ-1172,10001,Story,2020-06-02T14:12:35.621000+00:00,7,382405,3,In Progress,10016,Deployed,In Progress,Done,2020-06-02T14:16:15.317000+00:00
1,PRJ,55991,PRJ-1173,10001,Story,2020-06-02T14:15:31.080000+00:00,8,382403,10000,To Do,10115,Prioritized,To Do,To Do,2020-06-02T14:16:08.781000+00:00
1,PRJ,55991,PRJ-1173,10001,Story,2020-06-02T14:15:31.080000+00:00,3,382406,10115,Prioritized,10016,Deployed,To Do,Done,2020-06-02T14:16:19.013000+00:00
1,PRJ,55999,PRJ-1174,10001,Story,2020-06-02T14:37:07.732000+00:00,2,382477,10000,To Do,10115,Prioritized,To Do,To Do,2020-06-02T14:37:50.915000+00:00
1,PRJ,55999,PRJ-1174,10001,Story,2020-06-02T14:37:07.732000+00:00,2,388433,10115,Prioritized,10000,To Do,To Do,To Do,2020-06-11T14:08:42.282000+00:00
1,PRJ,56004,PRJ-1175,10001,Story,2020-06-02T15:16:15.551000+00:00,1,382550,10000,To Do,10115,Prioritized,To Do,To Do,2020-06-02T15:16:45.929000+00:00
1,PRJ,56004,PRJ-1175,10001,Story,2020-06-02T15:16:15.551000+00:00,4,384794,10115,Prioritized,10000,To Do,To Do,To Do,2020-06-08T14:20:15.149000+00:00
1,PRJ,56038,PRJ-1177,10000,Epic,2020-06-02T18:41:18.482000+00:00,8,,,,,,,,
1,PRJ,56159,PRJ-1178,10004,Bug,2020-06-04T11:58:10.147000+00:00,2,390254,10000,To Do,10115,Prioritized,To Do,To Do,2020-06-15T14:29:48.061000+00:00
1,PRJ,56159,PRJ-1178,10004,Bug,2020-06-04T11:58:10.147000+00:00,7,390557,10115,Prioritized,10087,Can't Fix,To Do,Done,2020-06-15T17:04:07.454000+00:00
1,PRJ,56160,PRJ-1179,10004,Bug,2020-06-04T12:09:09.979000+00:00,8,383884,10000,To Do,3,In Progress,To Do,In Progress,2020-06-04T13:21:50.478000+00:00
1,PRJ,56160,PRJ-1179,10004,Bug,2020-06-04T12:09:09.979000+00:00,7,383885,3,In Progress,10017,Review,In Progress,In Progress,2020-06-04T13:21:53.292000+00:00
1,PRJ,56160,PRJ-1179,10004,Bug,2020-06-04T12:09:09.979000+00:00,6,384711,10017,Review,10016,Deployed,In Progress,Done,2020-06-08T12:13:05.654000+00:00
1,PRJ,56167,PRJ-1180,10004,Bug,2020-06-04T13:22:06.954000+00:00,2,383888,10000,To Do,3,In Progress,To Do,In Progress,2020-06-04T13:22:11.873000+00:00
1,PRJ,56167,PRJ-1180,10004,Bug,2020-06-04T13:22:06.954000+00:00,8,383889,3,In Progress,10017,Review,In Progress,In Progress,2020-06-04T13:22:14.598000+00:00
1,PRJ,56167,PRJ-1180,10004,Bug,2020-06-04T13:22:06.954000+00:00,8,387711,10017,Review,10016,Deployed,In Progress,Done,2020-06-10T17:01:45.311000+00:00
1,PRJ,56383,PRJ-1181,10001,Story,2020-06-08T20:02:57.022000+00:00,6,385417,10000,To Do,10001,Accepted,To Do,In Progress,2020-06-08T20:03:05.875000+00:00
1,PRJ,56383,PRJ-1181,10001,Story,2020-06-08T20:02:57.022000+00:00,7,385418,10001,Accepted,10115,Prioritized,In Progress,To Do,2020-06-08T20:03:08.451000+00:00
1,PRJ,56383,PRJ-1181,10001,Story,2020-06-08T20:02:57.022000+00:00,2,386298,10115,Prioritized,10000,To Do,To Do,To Do,2020-06-09T16:06:08.284000+00:00
1,PRJ,56449,PRJ-1182,10001,Story,2020-06-09T14:55:07.233000+00:00,1,386172,10000,To Do,10115,Prioritized,To Do,To Do,2020-06-09T14:56:42.311000+00:00
1,PRJ,56449,PRJ-1182,10001,Story,2020-06-09T14:55:07.233000+00:00,4,391459,10115,Prioritized,10000,To Do,To Do,To Do,2020-06-16T16:03:41.884000+00:00
1,PRJ,56449,PRJ-1182,10001,Story,2020-06-09T14:55:07.233000+00:00,3,403549,10000,To Do,10087,Can't Fix,To Do,Done,2020-07-06T16:56:51.923000+00:00
1,PRJ,56449,PRJ-1182,10001,Story,2020-06-09T14:55:07.233000+00:00,8,403550,10087,Can't Fix,10017,Review,Done,In Progress,2020-07-06T16:57:01.557000+00:00
1,PRJ,56449,PRJ-1182,10001,Story,2020-06-09T14:55:07.233000+00:00,1,415061,10017,Review,10016,Deployed,In Progress,Done,2020-07-21T15:49:48.054000+00:00
1,PRJ,56457,PRJ-1183,10001,Story,2020-06-09T15:38:33.538000+00:00,5,386246,10000,To Do,10115,Prioritized,To Do,To Do,2020-06-09T15:38:41.059000+00:00
1,PRJ,56457,PRJ-1183,10001,Story,2020-06-09T15:38:33.538000+00:00,1,400558,10115,Prioritized,3,In Progress,To Do,In Progress,2020-06-30T14:45:27.420000+00:00
1,PRJ,56457,PRJ-1183,10001,Story,2020-06-09T15:38:33.538000+00:00,2,400582,3,In Progress,10016,Deployed,In Progress,Done,2020-06-30T14:49:32.963000+00:00
1,PRJ,56458,PRJ-1184,10001,Story,2020-06-09T15:41:12.096000+00:00,1,386257,10000,To Do,10115,Prioritized,To Do,To Do,2020-06-09T15:41:16.124000+00:00
1,PRJ,56458,PRJ-1184,10001,Story,2020-06-09T15:41:12.096000+00:00,4,400566,10115,Prioritized,3,In Progress,To Do,In Progress,2020-06-30T14:48:49.062000+00:00
1,PRJ,56458,PRJ-1184,10001,Story,2020-06-09T15:41:12.096000+00:00,3,400583,3,In Progress,10016,Deployed,In Progress,Done,2020-06-30T14:49:35.526000+00:00
1,PRJ,56659,PRJ-1185,10004,Bug,2020-06-11T10:34:30.832000+00:00,2,390239,10000,To Do,10115,Prioritized,To Do,To Do,2020-06-15T14:28:13.965000+00:00
1,PRJ,56659,PRJ-1185,10004,Bug,2020-06-11T10:34:30.832000+00:00,2,393654,10115,Prioritized,3,In Progress,To Do,In Progress,2020-06-19T14:30:04.632000+00:00
1,PRJ,56659,PRJ-1185,10004,Bug,2020-06-11T10:34:30.832000+00:00,7,393661,3,In Progress,10017,Review,In Progress,In Progress,2020-06-19T14:36:12.102000+00:00
1,PRJ,56659,PRJ-1185,10004,Bug,2020-06-11T10:34:30.832000+00:00,5,395325,10017,Review,10016,Deployed,In Progress,Done,2020-06-23T12:26:59.424000+00:00
1,PRJ,56661,PRJ-1186,10004,Bug,2020-06-11T10:44:09.518000+00:00,2,388412,10000,To Do,10115,Prioritized,To Do,To Do,2020-06-11T13:45:57.987000+00:00
1,PRJ,56661,PRJ-1186,10004,Bug,2020-06-11T10:44:09.518000+00:00,2,420452,10115,Prioritized,3,In Progress,To Do,In Progress,2020-07-24T14:35:21.718000+00:00
1,PRJ,56661,PRJ-1186,10004,Bug,2020-06-11T10:44:09.518000+00:00,6,429924,3,In Progress,10017,Review,In Progress,In Progress,2020-08-10T21:34:48.070000+00:00
1,PRJ,56661,PRJ-1186,10004,Bug,2020-06-11T10:44:09.518000+00:00,4,435263,10017,Review,10001,Accepted,In Progress,In Progress,2020-08-24T18:33:42.849000+00:00
1,PRJ,56661,PRJ-1186,10004,Bug,2020-06-11T10:44:09.518000+00:00,4,435340,10001,Accepted,10016,Deployed,In Progress,Done,2020-08-24T20:23:29.387000+00:00
1,PRJ,56670,PRJ-1187,10004,Bug,2020-06-11T11:48:37.959000+00:00,4,390269,10000,To Do,10016,Deployed,To Do,Done,2020-06-15T14:33:41.740000+00:00
1,PRJ,56674,PRJ-1188,10001,Story,2020-06-11T14:13:25.091000+00:00,5,388442,10000,To Do,10001,Accepted,To Do,In Progress,2020-06-11T14:13:37.381000+00:00
1,PRJ,56674,PRJ-1188,10001,Story,2020-06-11T14:13:25.091000+00:00,1,388443,10001,Accepted,10115,Prioritized,In Progress,To Do,2020-06-11T14:13:39.213000+00:00
1,PRJ,56674,PRJ-1188,10001,Story,2020-06-11T14:13:25.091000+00:00,1,388444,10115,Prioritized,3,In Progress,To Do,In Progress,2020-06-11T14:13:50.523000+00:00
1,PRJ,56674,PRJ-1188,10001,Story,2020-06-11T14:13:25.091000+00:00,1,390373,3,In Progress,10016,Deployed,In Progress,Done,2020-06-15T14:49:47.297000+00:00
1,PRJ,56833,PRJ-1189,10004,Bug,2020-06-12T21:07:33.361000+00:00,5,390242,10000,To Do,10115,Prioritized,To Do,To Do,2020-06-15T14:28:35.644000+00:00
1,PRJ,56833,PRJ-1189,10004,Bug,2020-06-12T21:07:33.361000+00:00,4,390301,10115,Prioritized,3,In Progress,To Do,In Progress,2020-06-15T14:38:51.963000+00:00
1,PRJ,56833,PRJ-1189,10004,Bug,2020-06-12T21:07:33.361000+00:00,2,390379,3,In Progress,10017,Review,In Progress,In Progress,2020-06-15T15:01:19.893000+00:00
1,PRJ,56833,PRJ-1189,10004,Bug,2020-06-12T21:07:33.361000+00:00,5,392567,10017,Review,10016,Deployed,In Progress,Done,2020-06-17T16:30:21.416000+00:00
1,PRJ,56835,PRJ-1190,10004,Bug,2020-06-12T21:52:22.005000+00:00,1,390251,10000,To Do,10115,Prioritized,To Do,To Do,2020-06-15T14:28:52.190000+00:00
1,PRJ,56835,PRJ-1190,10004,Bug,2020-06-12T21:52:22.005000+00:00,2,390299,10115,Prioritized,3,In Progress,To Do,In Progress,2020-06-15T14:38:45.760000+00:00
1,PRJ,56835,PRJ-1190,10004,Bug,2020-06-12T21:52:22.005000+00:00,8,390384,3,In Progress,10017,Review,In Progress,In Progress,2020-06-15T15:16:25.041000+00:00
1,PRJ,56835,PRJ-1190,10004,Bug,2020-06-12T21:52:22.005000+00:00,1,392568,10017,Review,10016,Deployed,In Progress,Done,2020-06-17T16:30:23.263000+00:00
1,PRJ,56870,PRJ-1191,10002,Task,2020-06-15T12:26:33.916000+00:00,8,390066,10000,To Do,10017,Review,To Do,In Progress,2020-06-15T12:26:44.222000+00:00
1,PRJ,56870,PRJ-1191,10002,Task,2020-06-15T12:26:33.916000+00:00,6,391343,10017,Review,10016,Deployed,In Progress,Done,2020-06-16T14:46:42.134000+00:00
1,PRJ,56896,PRJ-1192,10001,Story,2020-06-15T14:39:26.786000+00:00,7,390311,10000,To Do,10115,Prioritized,To Do,To Do,2020-06-15T14:39:36.871000+00:00
1,PRJ,56896,PRJ-1192,10001,Story,2020-06-15T14:39:26.786000+00:00,5,393394,10115,Prioritized,3,In Progress,To Do,In Progress,2020-06-18T19:32:01.770000+00:00
1,PRJ,56896,PRJ-1192,10001,Story,2020-06-15T14:39:26.786000+00:00,8,399964,3,In Progress,10016,Deployed,In Progress,Done,2020-06-29T21:32:30.497000+00:00
1,PRJ,56946,PRJ-1193,10002,Task,2020-06-15T21:03:33.234000+00:00,6,,,,,,,,
1,PRJ,56977,PRJ-1194,10001,Story,2020-06-16T11:35:08.535000+00:00,8,391239,10000,To Do,3,In Progress,To Do,In Progress,2020-06-16T11:35:24.524000+00:00
1,PRJ,56977,PRJ-1194,10001,Story,2020-06-16T11:35:08.535000+00:00,2,392325,3,In Progress,10017,Review,In Progress,In Progress,2020-06-17T11:48:32.951000+00:00
1,PRJ,56977,PRJ-1194,10001,Story,2020-06-16T11:35:08.535000+00:00,6,392512,10017,Review,10016,Deployed,In Progress,Done,2020-06-17T15:54:17.792000+00:00
1,PRJ,56978,PRJ-1195,10001,Story,2020-06-16T11:36:06.342000+00:00,5,391246,10000,To Do,10115,Prioritized,To Do,To Do,2020-06-16T11:36:30.414000+00:00
1,PRJ,56978,PRJ-1195,10001,Story,2020-06-16T11:36:06.342000+00:00,4,395570,10115,Prioritized,3,In Progress,To Do,In Progress,2020-06-23T17:53:46.127000+00:00
1,PRJ,56978,PRJ-1195,10001,Story,2020-06-16T11:36:06.342000+00:00,6,395989,3,In Progress,10017,Review,In Progress,In Progress,2020-06-24T12:46:22.923000+00:00
1,PRJ,56978,PRJ-1195,10001,Story,2020-06-16T11:36:06.342000+00:00,1,400313,10017,Review,10016,Deployed,In Progress,Done,2020-06-30T10:28:27.604000+00:00
1,PRJ,57005,PRJ-1196,10002,Task,2020-06-16T16:40:49.696000+00:00,4,,,,,,,,
1,PRJ,57180,PRJ-1197,10001,Story,2020-06-18T01:05:39.908000+00:00,5,393033,10002,Backlog,10115,Prioritized,To Do,To Do,2020-06-18T01:30:16.438000+00:00
1,PRJ,57180,PRJ-1197,10001,Story,2020-06-18T01:05:39.908000+00:00,3,393178,10115,Prioritized,3,In Progress,To Do,In Progress,2020-06-18T14:20:11.252000+00:00
1,PRJ,57180,PRJ-1197,10001,Story,2020-06-18T01:05:39.908000+00:00,4,394935,3,In Progress,10017,Review,In Progress,In Progress,2020-06-22T20:27:08.512000+00:00
1,PRJ,57180,PRJ-1197,10001,Story,2020-06-18T01:05:39.908000+00:00,6,395645,10017,Review,10016,Deployed,In Progress,Done,2020-06-23T19:21:14.513000+00:00
1,PRJ,57223,PRJ-1198,10002,Task,2020-06-18T19:34:38.603000+00:00,7,393399,10000,To Do,10017,Review,To Do,In Progress,2020-06-18T19:34:49.376000+00:00
1,PRJ,57223,PRJ-1198,10002,Task,2020-06-18T19:34:38.603000+00:00,5,394161,10017,Review,10016,Deployed,In Progress,Done,2020-06-22T14:35:51.195000+00:00
1,PRJ,57224,PRJ-1199,10002,Task,2020-06-18T19:37:02.375000+00:00,1,393402,10000,To Do,10017,Review,To Do,In Progress,2020-06-18T19:37:10.523000+00:00
1,PRJ,57224,PRJ-1199,10002,Task,2020-06-18T19:37:02.375000+00:00,7,394162,10017,Review,10016,Deployed,In Progress,Done,2020-06-22T14:35:54.410000+00:00
1,PRJ,57457,PRJ-1200,10004,Bug,2020-06-22T23:52:13.677000+00:00,2,395347,10000,To Do,10115,Prioritized,To Do,To Do,2020-06-23T13:02:34.242000+00:00
1,PRJ,57457,PRJ-1200,10004,Bug,2020-06-22T23:52:13.677000+00:00,2,399479,10115,Prioritized,3,In Progress,To Do,In Progress,2020-06-29T16:33:27.079000+00:00
1,PRJ,57457,PRJ-1200,10004,Bug,2020-06-22T23:52:13.677000+00:00,4,399703,3,In Progress,10017,Review,In Progress,In Progress,2020-06-29T18:17:30.557000+00:00
1,PRJ,57457,PRJ-1200,10004,Bug,2020-06-22T23:52:13.677000+00:00,4,403279,10017,Review,10016,Deployed,In Progress,Done,2020-07-06T12:08:01.709000+00:00
1,PRJ,57466,PRJ-1201,10004,Bug,2020-06-23T02:38:57.896000+00:00,1,395349,10000,To Do,10115,Prioritized,To Do,To Do,2020-06-23T13:03:13.253000+00:00
1,PRJ,57466,PRJ-1201,10004,Bug,2020-06-23T02:38:57.896000+00:00,7,399182,10115,Prioritized,3,In Progress,To Do,In Progress,2020-06-29T14:45:36.430000+00:00
1,PRJ,57466,PRJ-1201,10004,Bug,2020-06-23T02:38:57.896000+00:00,3,399944,3,In Progress,10000,To Do,In Progress,To Do,2020-06-29T20:59:59.489000+00:00
1,PRJ,57466,PRJ-1201,10004,Bug,2020-06-23T02:38:57.896000+00:00,4,400612,10000,To Do,10087,Can't Fix,To Do,Done,2020-06-30T15:41:26.347000+00:00
1,PRJ,57531,PRJ-1202,10004,Bug,2020-06-23T20:45:03.274000+00:00,2,396110,10000,To Do,10115,Prioritized,To Do,To Do,2020-06-24T14:17:57.832000+00:00
1,PRJ,57531,PRJ-1202,10004,Bug,2020-06-23T20:45:03.274000+00:00,6,396113,10115,Prioritized,10000,To Do,To Do,To Do,2020-06-24T14:18:49.465000+00:00
1,PRJ,57531,PRJ-1202,10004,Bug,2020-06-23T20:45:03.274000+00:00,6,400644,10000,To Do,10087,Can't Fix,To Do,Done,2020-06-30T16:40:53.801000+00:00
1,PRJ,57611,PRJ-1204,10004,Bug,2020-06-24T19:36:56.857000+00:00,6,396614,10000,To Do,10017,Review,To Do,In Progress,2020-06-24T19:37:06.986000+00:00
1,PRJ,57611,PRJ-1204,10004,Bug,2020-06-24T19:36:56.857000+00:00,7,397222,10017,Review,10016,Deployed,In Progress,Done,2020-06-25T13:49:46.615000+00:00
1,PRJ,57614,PRJ-1205,10002,Task,2020-06-24T20:21:01.535000+00:00,5,,,,,,,,
1,PRJ,57689,PRJ-1206,10004,Bug,2020-06-25T15:15:21.265000+00:00,5,397298,10000,To Do,10115,Prioritized,To Do,To Do,2020-06-25T15:20:46.129000+00:00
1,PRJ,57689,PRJ-1206,10004,Bug,2020-06-25T15:15:21.265000+00:00,8,397309,10115,Prioritized,3,In Progress,To Do,In Progress,2020-06-25T15:32:56.949000+00:00
1,PRJ,57689,PRJ-1206,10004,Bug,2020-06-25T15:15:21.265000+00:00,7,398275,3,In Progress,10115,Prioritized,In Progress,To Do,2020-06-26T14:19:45.033000+00:00
1,PRJ,57689,PRJ-1206,10004,Bug,2020-06-25T15:15:21.265000+00:00,7,420413,10115,Prioritized,3,In Progress,To Do,In Progress,2020-07-24T12:58:16.378000+00:00
1,PRJ,57689,PRJ-1206,10004,Bug,2020-06-25T15:15:21.265000+00:00,8,427581,3,In Progress,10115,Prioritized,In Progress,To Do,2020-08-06T13:55:33.600000+00:00
1,PRJ,57689,PRJ-1206,10004,Bug,2020-06-25T15:15:21.265000+00:00,5,430362,10115,Prioritized,10087,Can't Fix,To Do,Done,2020-08-11T16:07:03.921000+00:00
1,PRJ,57818,PRJ-1207,10004,Bug,2020-06-26T13:21:20.518000+00:00,3,398264,10000,To Do,10115,Prioritized,To Do,To Do,2020-06-26T14:01:04.713000+00:00
1,PRJ,57818,PRJ-1207,10004,Bug,2020-06-26T13:21:20.518000+00:00,5,422827,10115,Prioritized,3,In Progress,To Do,In Progress,2020-07-29T14:13:25.049000+00:00
1,PRJ,57818,PRJ-1207,10004,Bug,2020-06-26T13:21:20.518000+00:00,2,423468,3,In Progress,10017,Review,In Progress,In Progress,2020-07-29T19:25:43.205000+00:00
1,PRJ,57818,PRJ-1207,10004,Bug,2020-06-26T13:21:20.518000+00:00,2,423985,10017,Review,10016,Deployed,In Progress,Done,2020-07-30T14:52:43.946000+00:00
1,PRJ,57822,PRJ-1208,10004,Bug,2020-06-26T14:22:40.528000+00:00,6,398280,10000,To Do,10115,Prioritized,To Do,To Do,2020-06-26T14:23:40.832000+00:00
1,PRJ,57822,PRJ-1208,10004,Bug,2020-06-26T14:22:40.528000+00:00,2,398281,10115,Prioritized,3,In Progress,To Do,In Progress,2020-06-26T14:24:19.740000+00:00
1,PRJ,57822,PRJ-1208,10004,Bug,2020-06-26T14:22:40.528000+00:00,2,398633,3,In Progress,10017,Review,In Progress,In Progress,2020-06-26T20:59:32.754000+00:00
1,PRJ,57822,PRJ-1208,10004,Bug,2020-06-26T14:22:40.528000+00:00,1,398636,10017,Review,10016,Deployed,In Progress,Done,2020-06-26T21:05:29.552000+00:00
1,PRJ,57836,PRJ-1209,10004,Bug,2020-06-26T17:09:11.342000+00:00,8,398921,10000,To Do,10115,Prioritized,To Do,To Do,2020-06-29T10:29:55.794000+00:00
1,PRJ,57836,PRJ-1209,10004,Bug,2020-06-26T17:09:11.342000+00:00,1,399063,10115,Prioritized,3,In Progress,To Do,In Progress,2020-06-29T12:23:26.617000+00:00
1,PRJ,57836,PRJ-1209,10004,Bug,2020-06-26T17:09:11.342000+00:00,4,399083,3,In Progress,10017,Review,In Progress,In Progress,2020-06-29T13:05:55.142000+00:00
1,PRJ,57836,PRJ-1209,10004,Bug,2020-06-26T17:09:11.342000+00:00,8,400306,10017,Review,10016,Deployed,In Progress,Done,2020-06-30T10:24:03.028000+00:00
1,PRJ,57868,PRJ-1210,10004,Bug,2020-06-26T21:23:27.757000+00:00,1,398923,10000,To Do,10115,Prioritized,To Do,To Do,2020-06-29T10:30:28.611000+00:00
1,PRJ,57868,PRJ-1210,10004,Bug,2020-06-26T21:23:27.757000+00:00,8,399134,10115,Prioritized,3,In Progress,To Do,In Progress,2020-06-29T14:12:45.535000+00:00
1,PRJ,57868,PRJ-1210,10004,Bug,2020-06-26T21:23:27.757000+00:00,3,403351,3,In Progress,10017,Review,In Progress,In Progress,2020-07-06T14:33:46.234000+00:00
1,PRJ,57868,PRJ-1210,10004,Bug,2020-06-26T21:23:27.757000+00:00,3,403851,10017,Review,10016,Deployed,In Progress,Done,2020-07-06T19:48:45.906000+00:00
1,PRJ,57918,PRJ-1211,10004,Bug,2020-06-29T14:12:48.768000+00:00,3,399144,10000,To Do,10115,Prioritized,To Do,To Do,2020-06-29T14:13:10.186000+00:00
1,PRJ,57918,PRJ-1211,10004,Bug,2020-06-29T14:12:48.768000+00:00,5,427254,10115,Prioritized,3,In Progress,To Do,In Progress,2020-08-05T18:34:09.100000+00:00
1,PRJ,57918,PRJ-1211,10004,Bug,2020-06-29T14:12:48.768000+00:00,7,427582,3,In Progress,10017,Review,In Progress,In Progress,2020-08-06T13:55:40.284000+00:00
1,PRJ,57918,PRJ-1211,10004,Bug,2020-06-29T14:12:48.768000+00:00,4,427934,10017,Review,10001,Accepted,In Progress,In Progress,2020-08-06T20:16:50.638000+00:00
1,PRJ,57972,PRJ-1212,10004,Bug,2020-06-29T19:55:23.553000+00:00,1,400634,10000,To Do,10115,Prioritized,To Do,To Do,2020-06-30T16:01:20.113000+00:00
1,PRJ,57972,PRJ-1212,10004,Bug,2020-06-29T19:55:23.553000+00:00,6,404053,10115,Prioritized,10017,Review,To Do,In Progress,2020-07-06T21:27:05.866000+00:00
1,PRJ,57972,PRJ-1212,10004,Bug,2020-06-29T19:55:23.553000+00:00,4,404751,10017,Review,10016,Deployed,In Progress,Done,2020-07-07T18:50:22.354000+00:00
1,PRJ,58063,PRJ-1213,10001,Story,2020-06-30T12:50:53.546000+00:00,1,,,,,,,,
1,PRJ,58077,PRJ-1214,10001,Story,2020-06-30T13:52:17.750000+00:00,6,400458,10000,To Do,10115,Prioritized,To Do,To Do,2020-06-30T13:52:42.891000+00:00
1,PRJ,58077,PRJ-1214,10001,Story,2020-06-30T13:52:17.750000+00:00,2,400766,10115,Prioritized,10017,Review,To Do,In Progress,2020-06-30T19:19:22.596000+00:00
1,PRJ,58077,PRJ-1214,10001,Story,2020-06-30T13:52:17.750000+00:00,5,400910,10017,Review,10087,Can't Fix,In Progress,Done,2020-06-30T21:39:33.083000+00:00
1,PRJ,58077,PRJ-1214,10001,Story,2020-06-30T13:52:17.750000+00:00,7,400911,10087,Can't Fix,10016,Deployed,Done,Done,2020-06-30T21:39:44.736000+00:00
1,PRJ,58213,PRJ-1215,10004,Bug,2020-07-01T13:35:46.009000+00:00,8,401573,10000,To Do,10087,Can't Fix,To Do,Done,2020-07-01T13:57:47.833000+00:00
1,PRJ,58245,PRJ-1216,10002,Task,2020-07-01T18:08:01.895000+00:00,4,401924,10000,To Do,10115,Prioritized,To Do,To Do,2020-07-01T18:08:09.774000+00:00
1,PRJ,58245,PRJ-1216,10002,Task,2020-07-01T18:08:01.895000+00:00,7,402040,10115,Prioritized,3,In Progress,To Do,In Progress,2020-07-01T21:17:34.165000+00:00
1,PRJ,58245,PRJ-1216,10002,Task,2020-07-01T18:08:01.895000+00:00,1,402060,3,In Progress,10017,Review,In Progress,In Progress,2020-07-01T21:34:44.518000+00:00
1,PRJ,58245,PRJ-1216,10002,Task,2020-07-01T18:08:01.895000+00:00,3,402478,10017,Review,10016,Deployed,In Progress,Done,2020-07-02T16:07:04.535000+00:00
1,PRJ,58272,PRJ-1217,10004,Bug,2020-07-02T10:45:28.248000+00:00,4,402304,10000,To Do,3,In Progress,To Do,In Progress,2020-07-02T11:01:02.232000+00:00
1,PRJ,58272,PRJ-1217,10004,Bug,2020-07-02T10:45:28.248000+00:00,3,402307,3,In Progress,10017,Review,In Progress,In Progress,2020-07-02T11:05:26.251000+00:00
1,PRJ,58272,PRJ-1217,10004,Bug,2020-07-02T10:45:28.248000+00:00,3,403239,10017,Review,10016,Deployed,In Progress,Done,2020-07-06T12:07:25.404000+00:00
1,PRJ,58278,PRJ-1218,10002,Task,2020-07-02T13:22:54.386000+00:00,2,402330,10000,To Do,10017,Review,To Do,In Progress,2020-07-02T13:23:01.283000+00:00
1,PRJ,58278,PRJ-1218,10002,Task,2020-07-02T13:22:54.386000+00:00,4,402995,10017,Review,10016,Deployed,In Progress,Done,2020-07-03T16:04:54.622000+00:00
1,PRJ,58279,PRJ-1219,10002,Task,2020-07-02T13:28:37.159000+00:00,8,402335,10000,To Do,10017,Review,To Do,In Progress,2020-07-02T13:28:48.919000+00:00
1,PRJ,58279,PRJ-1219,10002,Task,2020-07-02T13:28:37.159000+00:00,2,402994,10017,Review,10016,Deployed,In Progress,Done,2020-07-03T16:04:51.493000+00:00
1,PRJ,58280,PRJ-1220,10004,Bug,2020-07-02T13:29:37.813000+00:00,8,402339,10000,To Do,3,In Progress,To Do,In Progress,2020-07-02T13:29:44.634000+00:00
1,PRJ,58280,PRJ-1220,10004,Bug,2020-07-02T13:29:37.813000+00:00,2,402408,3,In Progress,10016,Deployed,In Progress,Done,2020-07-02T15:14:59.921000+00:00
1,PRJ,58283,PRJ-1221,10002,Task,2020-07-02T14:25:56.592000+00:00,5,402992,10000,To Do,10115,Prioritized,To Do,To Do,2020-07-03T16:04:37.230000+00:00
1,PRJ,58283,PRJ-1221,10002,Task,2020-07-02T14:25:56.592000+00:00,1,402998,10115,Prioritized,3,In Progress,To Do,In Progress,2020-07-03T16:05:10.640000+00:00
1,PRJ,58283,PRJ-1221,10002,Task,2020-07-02T14:25:56.592000+00:00,3,408677,3,In Progress,10017,Review,In Progress,In Progress,2020-07-13T18:44:15.776000+00:00
1,PRJ,58283,PRJ-1221,10002,Task,2020-07-02T14:25:56.592000+00:00,3,416328,10017,Review,10016,Deployed,In Progress,Done,2020-07-22T18:43:37.614000+00:00
1,PRJ,58349,PRJ-1222,10002,Task,2020-07-03T16:04:11.671000+00:00,2,402987,10000,To Do,10017,Review,To Do,In Progress,2020-07-03T16:04:17.239000+00:00
1,PRJ,58349,PRJ-1222,10002,Task,2020-07-03T16:04:11.671000+00:00,5,402990,10017,Review,10115,Prioritized,In Progress,To Do,2020-07-03T16:04:34.516000+00:00
1,PRJ,58349,PRJ-1222,10002,Task,2020-07-03T16:04:11.671000+00:00,2,402997,10115,Prioritized,10017,Review,To Do,In Progress,2020-07-03T16:05:09.197000+00:00
1,PRJ,58349,PRJ-1222,10002,Task,2020-07-03T16:04:11.671000+00:00,2,403403,10017,Review,10016,Deployed,In Progress,Done,2020-07-06T15:09:12.788000+00:00
1,PRJ,58399,PRJ-1223,10004,Bug,2020-07-06T12:56:30.115000+00:00,6,403336,10000,To Do,10115,Prioritized,To Do,To Do,2020-07-06T14:17:54.735000+00:00
1,PRJ,58399,PRJ-1223,10004,Bug,2020-07-06T12:56:30.115000+00:00,4,408605,10115,Prioritized,3,In Progress,To Do,In Progress,2020-07-13T18:03:48.708000+00:00
1,PRJ,58399,PRJ-1223,10004,Bug,2020-07-06T12:56:30.115000+00:00,8,409317,3,In Progress,10017,Review,In Progress,In Progress,2020-07-14T11:42:01.589000+00:00
1,PRJ,58399,PRJ-1223,10004,Bug,2020-07-06T12:56:30.115000+00:00,3,410532,10017,Review,10016,Deployed,In Progress,Done,2020-07-15T11:43:27.837000+00:00
1,PRJ,58423,PRJ-1224,10001,Story,2020-07-06T16:30:45.466000+00:00,2,,,,,,,,
1,PRJ,58553,PRJ-1225,10001,Story,2020-07-07T14:10:20.487000+00:00,8,404362,10000,To Do,3,In Progress,To Do,In Progress,2020-07-07T14:11:25.039000+00:00
1,PRJ,58553,PRJ-1225,10001,Story,2020-07-07T14:10:20.487000+00:00,1,409491,3,In Progress,10016,Deployed,In Progress,Done,2020-07-14T14:59:18.748000+00:00
1,PRJ,58555,PRJ-1226,10001,Story,2020-07-07T14:33:21.759000+00:00,2,404369,10000,To Do,10115,Prioritized,To Do,To Do,2020-07-07T14:33:29.455000+00:00
1,PRJ,58555,PRJ-1226,10001,Story,2020-07-07T14:33:21.759000+00:00,5,409492,10115,Prioritized,3,In Progress,To Do,In Progress,2020-07-14T14:59:20.588000+00:00
1,PRJ,58555,PRJ-1226,10001,Story,2020-07-07T14:33:21.759000+00:00,7,421938,3,In Progress,10016,Deployed,In Progress,Done,2020-07-28T15:08:57.945000+00:00
1,PRJ,58580,PRJ-1227,10002,Task,2020-07-07T17:53:55.601000+00:00,8,404642,10000,To Do,10115,Prioritized,To Do,To Do,2020-07-07T17:56:14.214000+00:00
1,PRJ,58580,PRJ-1227,10002,Task,2020-07-07T17:53:55.601000+00:00,3,404649,10115,Prioritized,3,In Progress,To Do,In Progress,2020-07-07T17:57:45.715000+00:00
1,PRJ,58580,PRJ-1227,10002,Task,2020-07-07T17:53:55.601000+00:00,4,404884,3,In Progress,10017,Review,In Progress,In Progress,2020-07-07T21:41:24.922000+00:00
1,PRJ,58580,PRJ-1227,10002,Task,2020-07-07T17:53:55.601000+00:00,1,407232,10017,Review,10016,Deployed,In Progress,Done,2020-07-10T13:26:50.346000+00:00
1,PRJ,58581,PRJ-1228,10002,Task,2020-07-07T17:56:04.608000+00:00,1,404643,10000,To Do,10115,Prioritized,To Do,To Do,2020-07-07T17:56:14.380000+00:00
1,PRJ,58581,PRJ-1228,10002,Task,2020-07-07T17:56:04.608000+00:00,8,404885,10115,Prioritized,3,In Progress,To Do,In Progress,2020-07-07T21:44:52.555000+00:00
1,PRJ,58581,PRJ-1228,10002,Task,2020-07-07T17:56:04.608000+00:00,3,405673,3,In Progress,10017,Review,In Progress,In Progress,2020-07-08T19:28:00.946000+00:00
1,PRJ,58581,PRJ-1228,10002,Task,2020-07-07T17:56:04.608000+00:00,8,405713,10017,Review,10016,Deployed,In Progress,Done,2020-07-08T19:56:13.111000+00:00
1,PRJ,58661,PRJ-1229,10000,Epic,2020-07-08T14:20:40.841000+00:00,1,,,,,,,,
1,PRJ,58666,PRJ-1230,10002,Task,2020-07-08T14:36:42.559000+00:00,2,409377,10000,To Do,10115,Prioritized,To Do,To Do,2020-07-14T13:27:59.224000+00:00
1,PRJ,58666,PRJ-1230,10002,Task,2020-07-08T14:36:42.559000+00:00,4,409428,10115,Prioritized,3,In Progress,To Do,In Progress,2020-07-14T14:12:42.940000+00:00
1,PRJ,58666,PRJ-1230,10002,Task,2020-07-08T14:36:42.559000+00:00,5,410552,3,In Progress,10017,Review,In Progress,In Progress,2020-07-15T12:51:32.737000+00:00
1,PRJ,58666,PRJ-1230,10002,Task,2020-07-08T14:36:42.559000+00:00,7,410966,10017,Review,10016,Deployed,In Progress,Done,2020-07-15T18:09:31.339000+00:00
1,PRJ,58667,PRJ-1231,10002,Task,2020-07-08T14:38:44.553000+00:00,8,409378,10000,To Do,10115,Prioritized,To Do,To Do,2020-07-14T13:27:59.437000+00:00
1,PRJ,58667,PRJ-1231,10002,Task,2020-07-08T14:38:44.553000+00:00,6,410744,10115,Prioritized,3,In Progress,To Do,In Progress,2020-07-15T16:10:39.761000+00:00
1,PRJ,58667,PRJ-1231,10002,Task,2020-07-08T14:38:44.553000+00:00,1,410965,3,In Progress,10017,Review,In Progress,In Progress,2020-07-15T18:09:20.555000+00:00
1,PRJ,58667,PRJ-1231,10002,Task,2020-07-08T14:38:44.553000+00:00,7,412734,10017,Review,10016,Deployed,In Progress,Done,2020-07-17T12:03:05.136000+00:00
1,PRJ,58668,PRJ-1232,10002,Task,2020-07-08T14:42:19.294000+00:00,3,409379,10000,To Do,10115,Prioritized,To Do,To Do,2020-07-14T13:27:59.533000+00:00
1,PRJ,58668,PRJ-1232,10002,Task,2020-07-08T14:42:19.294000+00:00,5,410549,10115,Prioritized,3,In Progress,To Do,In Progress,2020-07-15T12:22:50.489000+00:00
1,PRJ,58668,PRJ-1232,10002,Task,2020-07-08T14:42:19.294000+00:00,5,411649,3,In Progress,10017,Review,In Progress,In Progress,2020-07-16T11:53:39.382000+00:00
1,PRJ,58668,PRJ-1232,10002,Task,2020-07-08T14:42:19.294000+00:00,7,414184,10017,Review,10016,Deployed,In Progress,Done,2020-07-20T20:37:45.182000+00:00
1,PRJ,58669,PRJ-1233,10002,Task,2020-07-08T14:43:29.273000+00:00,6,409380,10000,To Do,10115,Prioritized,To Do,To Do,2020-07-14T13:27:59.646000+00:00
1,PRJ,58669,PRJ-1233,10002,Task,2020-07-08T14:43:29.273000+00:00,1,411652,10115,Prioritized,3,In Progress,To Do,In Progress,2020-07-16T12:00:02.493000+00:00
1,PRJ,58669,PRJ-1233,10002,Task,2020-07-08T14:43:29.273000+00:00,6,413549,3,In Progress,10017,Review,In Progress,In Progress,2020-07-20T14:05:37.235000+00:00
1,PRJ,58669,PRJ-1233,10002,Task,2020-07-08T14:43:29.273000+00:00,6,414183,10017,Review,10016,Deployed,In Progress,Done,2020-07-20T20:37:42.973000+00:00
1,PRJ,58671,PRJ-1234,10002,Task,2020-07-08T15:06:46.658000+00:00,2,409381,10000,To Do,10115,Prioritized,To Do,To Do,2020-07-14T13:27:59.771000+00:00
1,PRJ,58671,PRJ-1234,10002,Task,2020-07-08T15:06:46.658000+00:00,2,425721,10115,Prioritized,3,In Progress,To Do,In Progress,2020-08-03T19:58:50.774000+00:00
1,PRJ,58671,PRJ-1234,10002,Task,2020-07-08T15:06:46.658000+00:00,2,430573,3,In Progress,10017,Review,In Progress,In Progress,2020-08-11T20:26:36.951000+00:00
1,PRJ,58671,PRJ-1234,10002,Task,2020-07-08T15:06:46.658000+00:00,2,432121,10017,Review,10001,Accepted,In Progress,In Progress,2020-08-13T19:18:34.235000+00:00
1,PRJ,58671,PRJ-1234,10002,Task,2020-07-08T15:06:46.658000+00:00,1,434679,10001,Accepted,10016,Deployed,In Progress,Done,2020-08-24T14:11:49.120000+00:00
1,PRJ,58672,PRJ-1235,10002,Task,2020-07-08T15:13:12.016000+00:00,5,409382,10000,To Do,10115,Prioritized,To Do,To Do,2020-07-14T13:27:59.883000+00:00
1,PRJ,58672,PRJ-1235,10002,Task,2020-07-08T15:13:12.016000+00:00,3,425723,10115,Prioritized,3,In Progress,To Do,In Progress,2020-08-03T19:58:59.238000+00:00
1,PRJ,58672,PRJ-1235,10002,Task,2020-07-08T15:13:12.016000+00:00,5,429557,3,In Progress,10000,To Do,In Progress,To Do,2020-08-10T17:42:54.310000+00:00
1,PRJ,58673,PRJ-1236,10002,Task,2020-07-08T15:13:21.343000+00:00,7,409383,10000,To Do,10115,Prioritized,To Do,To Do,2020-07-14T13:27:59.996000+00:00
1,PRJ,58673,PRJ-1236,10002,Task,2020-07-08T15:13:21.343000+00:00,2,429721,10115,Prioritized,3,In Progress,To Do,In Progress,2020-08-10T19:24:06.606000+00:00
1,PRJ,58678,PRJ-1237,10002,Task,2020-07-08T15:19:28.447000+00:00,7,409384,10000,To Do,10115,Prioritized,To Do,To Do,2020-07-14T13:28:00.157000+00:00
1,PRJ,58678,PRJ-1237,10002,Task,2020-07-08T15:19:28.447000+00:00,4,430200,10115,Prioritized,3,In Progress,To Do,In Progress,2020-08-11T11:32:25.184000+00:00
1,PRJ,58678,PRJ-1237,10002,Task,2020-07-08T15:19:28.447000+00:00,3,430266,3,In Progress,10017,Review,In Progress,In Progress,2020-08-11T14:11:29.786000+00:00
1,PRJ,58678,PRJ-1237,10002,Task,2020-07-08T15:19:28.447000+00:00,6,431790,10017,Review,10016,Deployed,In Progress,Done,2020-08-13T11:23:27.480000+00:00
1,PRJ,58679,PRJ-1238,10002,Task,2020-07-08T15:21:22.070000+00:00,1,409385,10000,To Do,10115,Prioritized,To Do,To Do,2020-07-14T13:28:00.375000+00:00
1,PRJ,58679,PRJ-1238,10002,Task,2020-07-08T15:21:22.070000+00:00,4,410633,10115,Prioritized,3,In Progress,To Do,In Progress,2020-07-15T14:45:44.167000+00:00
1,PRJ,58679,PRJ-1238,10002,Task,2020-07-08T15:21:22.070000+00:00,5,410669,3,In Progress,10017,Review,In Progress,In Progress,2020-07-15T15:19:03.571000+00:00
1,PRJ,58679,PRJ-1238,10002,Task,2020-07-08T15:21:22.070000+00:00,6,412733,10017,Review,10016,Deployed,In Progress,Done,2020-07-17T12:02:00.349000+00:00
1,PRJ,58680,PRJ-1239,10002,Task,2020-07-08T15:21:32.035000+00:00,3,409386,10000,To Do,10115,Prioritized,To Do,To Do,2020-07-14T13:28:00.554000+00:00
1,PRJ,58680,PRJ-1239,10002,Task,2020-07-08T15:21:32.035000+00:00,4,411903,10115,Prioritized,3,In Progress,To Do,In Progress,2020-07-16T17:09:19.429000+00:00
1,PRJ,58680,PRJ-1239,10002,Task,2020-07-08T15:21:32.035000+00:00,4,412735,3,In Progress,10017,Review,In Progress,In Progress,2020-07-17T12:03:07.455000+00:00
1,PRJ,58680,PRJ-1239,10002,Task,2020-07-08T15:21:32.035000+00:00,2,414182,10017,Review,10016,Deployed,In Progress,Done,2020-07-20T20:37:39.869000+00:00
1,PRJ,58681,PRJ-1240,10002,Task,2020-07-08T15:21:49.375000+00:00,3,409387,10000,To Do,10115,Prioritized,To Do,To Do,2020-07-14T13:28:00.666000+00:00
1,PRJ,58681,PRJ-1240,10002,Task,2020-07-08T15:21:49.375000+00:00,3,414200,10115,Prioritized,3,In Progress,To Do,In Progress,2020-07-20T20:41:41.226000+00:00
1,PRJ,58681,PRJ-1240,10002,Task,2020-07-08T15:21:49.375000+00:00,5,420645,3,In Progress,10017,Review,In Progress,In Progress,2020-07-24T17:27:36.808000+00:00
1,PRJ,58681,PRJ-1240,10002,Task,2020-07-08T15:21:49.375000+00:00,7,421954,10017,Review,10016,Deployed,In Progress,Done,2020-07-28T15:17:35.640000+00:00
1,PRJ,58693,PRJ-1241,10004,Bug,2020-07-08T16:26:57.558000+00:00,6,405411,10000,To Do,10115,Prioritized,To Do,To Do,2020-07-08T16:29:38.393000+00:00
1,PRJ,58693,PRJ-1241,10004,Bug,2020-07-08T16:26:57.558000+00:00,1,405466,10115,Prioritized,3,In Progress,To Do,In Progress,2020-07-08T17:01:14.016000+00:00
1,PRJ,58693,PRJ-1241,10004,Bug,2020-07-08T16:26:57.558000+00:00,8,405520,3,In Progress,10017,Review,In Progress,In Progress,2020-07-08T17:16:31.931000+00:00
1,PRJ,58693,PRJ-1241,10004,Bug,2020-07-08T16:26:57.558000+00:00,5,406258,10017,Review,10016,Deployed,In Progress,Done,2020-07-09T10:24:06.046000+00:00
1,PRJ,58695,PRJ-1242,10002,Task,2020-07-08T16:29:30.105000+00:00,4,405412,10000,To Do,10115,Prioritized,To Do,To Do,2020-07-08T16:29:38.574000+00:00
1,PRJ,58695,PRJ-1242,10002,Task,2020-07-08T16:29:30.105000+00:00,8,408139,10115,Prioritized,3,In Progress,To Do,In Progress,2020-07-13T11:40:25.133000+00:00
1,PRJ,58695,PRJ-1242,10002,Task,2020-07-08T16:29:30.105000+00:00,2,408597,3,In Progress,10017,Review,In Progress,In Progress,2020-07-13T17:57:00.223000+00:00
1,PRJ,58695,PRJ-1242,10002,Task,2020-07-08T16:29:30.105000+00:00,7,410491,10017,Review,10016,Deployed,In Progress,Done,2020-07-15T10:43:13.695000+00:00
1,PRJ,58700,PRJ-1243,10001,Story,2020-07-08T16:53:34.004000+00:00,6,405457,10000,To Do,10115,Prioritized,To Do,To Do,2020-07-08T16:53:45.863000+00:00
1,PRJ,58700,PRJ-1243,10001,Story,2020-07-08T16:53:34.004000+00:00,1,405458,10115,Prioritized,3,In Progress,To Do,In Progress,2020-07-08T16:53:58.609000+00:00
1,PRJ,58700,PRJ-1243,10001,Story,2020-07-08T16:53:34.004000+00:00,7,406684,3,In Progress,10115,Prioritized,In Progress,To Do,2020-07-09T19:17:48.082000+00:00
1,PRJ,58700,PRJ-1243,10001,Story,2020-07-08T16:53:34.004000+00:00,7,407214,10115,Prioritized,3,In Progress,To Do,In Progress,2020-07-10T12:40:51.332000+00:00
1,PRJ,58700,PRJ-1243,10001,Story,2020-07-08T16:53:34.004000+00:00,1,407215,3,In Progress,10017,Review,In Progress,In Progress,2020-07-10T12:40:58.589000+00:00
1,PRJ,58700,PRJ-1243,10001,Story,2020-07-08T16:53:34.004000+00:00,3,408519,10017,Review,10016,Deployed,In Progress,Done,2020-07-13T17:13:25.476000+00:00
1,PRJ,58714,PRJ-1244,10001,Story,2020-07-08T17:27:50.983000+00:00,8,405550,10000,To Do,10115,Prioritized,To Do,To Do,2020-07-08T17:27:58.970000+00:00
1,PRJ,58714,PRJ-1244,10001,Story,2020-07-08T17:27:50.983000+00:00,3,409493,10115,Prioritized,3,In Progress,To Do,In Progress,2020-07-14T15:00:04.306000+00:00
1,PRJ,58714,PRJ-1244,10001,Story,2020-07-08T17:27:50.983000+00:00,6,421937,3,In Progress,10016,Deployed,In Progress,Done,2020-07-28T15:08:57.852000+00:00
1,PRJ,58714,PRJ-1244,10001,Story,2020-07-08T17:27:50.983000+00:00,7,421963,10016,Deployed,3,In Progress,Done,In Progress,2020-07-28T15:19:08.488000+00:00
1,PRJ,58714,PRJ-1244,10001,Story,2020-07-08T17:27:50.983000+00:00,3,421971,3,In Progress,10016,Deployed,In Progress,Done,2020-07-28T15:30:22.511000+00:00
1,PRJ,58733,PRJ-1245,10002,Task,2020-07-08T19:27:40.928000+00:00,2,405679,10000,To Do,3,In Progress,To Do,In Progress,2020-07-08T19:32:07.579000+00:00
1,PRJ,58733,PRJ-1245,10002,Task,2020-07-08T19:27:40.928000+00:00,7,413178,3,In Progress,10017,Review,In Progress,In Progress,2020-07-17T20:29:20.395000+00:00
1,PRJ,58733,PRJ-1245,10002,Task,2020-07-08T19:27:40.928000+00:00,5,421550,10017,Review,10001,Accepted,In Progress,In Progress,2020-07-27T20:25:43.598000+00:00
1,PRJ,58733,PRJ-1245,10002,Task,2020-07-08T19:27:40.928000+00:00,7,421902,10001,Accepted,10016,Deployed,In Progress,Done,2020-07-28T14:07:49.385000+00:00
1,PRJ,58739,PRJ-1246,10002,Task,2020-07-08T20:19:54.097000+00:00,8,405726,10000,To Do,10115,Prioritized,To Do,To Do,2020-07-08T20:21:27.708000+00:00
1,PRJ,58739,PRJ-1246,10002,Task,2020-07-08T20:19:54.097000+00:00,4,406348,10115,Prioritized,10000,To Do,To Do,To Do,2020-07-09T14:08:52.024000+00:00
1,PRJ,58740,PRJ-1247,10002,Task,2020-07-08T20:27:50.410000+00:00,6,409388,10000,To Do,10115,Prioritized,To Do,To Do,2020-07-14T13:28:00.777000+00:00
1,PRJ,58740,PRJ-1247,10002,Task,2020-07-08T20:27:50.410000+00:00,3,420646,10115,Prioritized,3,In Progress,To Do,In Progress,2020-07-24T17:27:51.953000+00:00
1,PRJ,58740,PRJ-1247,10002,Task,2020-07-08T20:27:50.410000+00:00,6,423893,3,In Progress,10017,Review,In Progress,In Progress,2020-07-30T13:41:10.886000+00:00
1,PRJ,58740,PRJ-1247,10002,Task,2020-07-08T20:27:50.410000+00:00,6,426199,10017,Review,10016,Deployed,In Progress,Done,2020-08-04T15:27:06.187000+00:00
1,PRJ,58810,PRJ-1248,10004,Bug,2020-07-09T15:15:29.985000+00:00,5,406386,10000,To Do,10115,Prioritized,To Do,To Do,2020-07-09T15:18:24.153000+00:00
1,PRJ,58810,PRJ-1248,10004,Bug,2020-07-09T15:15:29.985000+00:00,8,420682,10115,Prioritized,3,In Progress,To Do,In Progress,2020-07-24T18:43:25.127000+00:00
1,PRJ,58810,PRJ-1248,10004,Bug,2020-07-09T15:15:29.985000+00:00,4,421164,3,In Progress,10115,Prioritized,In Progress,To Do,2020-07-27T15:21:53.717000+00:00
1,PRJ,58810,PRJ-1248,10004,Bug,2020-07-09T15:15:29.985000+00:00,8,422015,10115,Prioritized,10087,Can't Fix,To Do,Done,2020-07-28T15:58:16.886000+00:00
1,PRJ,58822,PRJ-1249,10004,Bug,2020-07-09T16:10:55.784000+00:00,4,406495,10000,To Do,10115,Prioritized,To Do,To Do,2020-07-09T16:18:43.676000+00:00
1,PRJ,58822,PRJ-1249,10004,Bug,2020-07-09T16:10:55.784000+00:00,5,409551,10115,Prioritized,10087,Can't Fix,To Do,Done,2020-07-14T15:49:17.878000+00:00
1,PRJ,58823,PRJ-1250,10002,Task,2020-07-09T16:21:57.178000+00:00,7,,,,,,,,
1,PRJ,58841,PRJ-1251,10000,Epic,2020-07-09T19:08:41.299000+00:00,2,,,,,,,,
1,PRJ,58996,PRJ-1252,10004,Bug,2020-07-13T11:27:49.188000+00:00,6,408137,10000,To Do,10115,Prioritized,To Do,To Do,2020-07-13T11:36:02.684000+00:00
1,PRJ,58996,PRJ-1252,10004,Bug,2020-07-13T11:27:49.188000+00:00,1,408673,10115,Prioritized,3,In Progress,To Do,In Progress,2020-07-13T18:43:35.111000+00:00
1,PRJ,58996,PRJ-1252,10004,Bug,2020-07-13T11:27:49.188000+00:00,5,408692,3,In Progress,10115,Prioritized,In Progress,To Do,2020-07-13T18:46:18.642000+00:00
1,PRJ,58996,PRJ-1252,10004,Bug,2020-07-13T11:27:49.188000+00:00,5,409326,10115,Prioritized,3,In Progress,To Do,In Progress,2020-07-14T12:01:35.273000+00:00
1,PRJ,58996,PRJ-1252,10004,Bug,2020-07-13T11:27:49.188000+00:00,3,409327,3,In Progress,10017,Review,In Progress,In Progress,2020-07-14T12:09:33.725000+00:00
1,PRJ,58996,PRJ-1252,10004,Bug,2020-07-13T11:27:49.188000+00:00,4,409366,10017,Review,10016,Deployed,In Progress,Done,2020-07-14T13:23:27.996000+00:00
1,PRJ,58997,PRJ-1253,10004,Bug,2020-07-13T11:29:06.653000+00:00,3,408138,10000,To Do,10115,Prioritized,To Do,To Do,2020-07-13T11:36:09.307000+00:00
1,PRJ,58997,PRJ-1253,10004,Bug,2020-07-13T11:29:06.653000+00:00,1,416340,10115,Prioritized,10001,Accepted,To Do,In Progress,2020-07-22T18:51:12.056000+00:00
1,PRJ,58997,PRJ-1253,10004,Bug,2020-07-13T11:29:06.653000+00:00,3,416342,10001,Accepted,3,In Progress,In Progress,In Progress,2020-07-22T18:51:22.712000+00:00
1,PRJ,58997,PRJ-1253,10004,Bug,2020-07-13T11:29:06.653000+00:00,2,416357,3,In Progress,10017,Review,In Progress,In Progress,2020-07-22T19:01:10.381000+00:00
1,PRJ,58997,PRJ-1253,10004,Bug,2020-07-13T11:29:06.653000+00:00,7,420455,10017,Review,10016,Deployed,In Progress,Done,2020-07-24T14:36:31.849000+00:00
1,PRJ,58998,PRJ-1254,10002,Task,2020-07-13T11:32:58.767000+00:00,4,,,,,,,,
1,PRJ,58999,PRJ-1255,10002,Task,2020-07-13T11:35:21.058000+00:00,8,,,,,,,,
1,PRJ,59000,PRJ-1256,10004,Bug,2020-07-13T12:12:55.690000+00:00,4,408150,10000,To Do,10115,Prioritized,To Do,To Do,2020-07-13T12:15:07.857000+00:00
1,PRJ,59000,PRJ-1256,10004,Bug,2020-07-13T12:12:55.690000+00:00,8,408601,10115,Prioritized,3,In Progress,To Do,In Progress,2020-07-13T17:58:54.319000+00:00
1,PRJ,59000,PRJ-1256,10004,Bug,2020-07-13T12:12:55.690000+00:00,4,408602,3,In Progress,10017,Review,In Progress,In Progress,2020-07-13T18:02:29.103000+00:00
1,PRJ,59000,PRJ-1256,10004,Bug,2020-07-13T12:12:55.690000+00:00,4,410542,10017,Review,10016,Deployed,In Progress,Done,2020-07-15T11:49:32.558000+00:00
1,PRJ,59043,PRJ-1257,10004,Bug,2020-07-13T18:21:56.102000+00:00,1,409308,10000,To Do,10087,Can't Fix,To Do,Done,2020-07-14T10:19:47.303000+00:00
1,PRJ,59127,PRJ-1258,10000,Epic,2020-07-14T17:58:19.858000+00:00,1,,,,,,,,
1,PRJ,59128,PRJ-1259,10001,Story,2020-07-14T18:00:45.925000+00:00,2,,,,,,,,
1,PRJ,59129,PRJ-1260,10001,Story,2020-07-14T18:01:02.732000+00:00,3,,,,,,,,
1,PRJ,59130,PRJ-1261,10001,Story,2020-07-14T18:01:12.786000+00:00,4,,,,,,,,
1,PRJ,59131,PRJ-1262,10001,Story,2020-07-14T18:01:35.080000+00:00,6,,,,,,,,
1,PRJ,59132,PRJ-1263,10001,Story,2020-07-14T18:01:46.658000+00:00,3,,,,,,,,
1,PRJ,59137,PRJ-1264,10001,Story,2020-07-14T18:13:54.251000+00:00,5,,,,,,,,
1,PRJ,59140,PRJ-1265,10001,Story,2020-07-14T18:27:18.613000+00:00,4,,,,,,,,
1,PRJ,59141,PRJ-1266,10001,Story,2020-07-14T18:29:49.067000+00:00,8,,,,,,,,
1,PRJ,59142,PRJ-1267,10001,Story,2020-07-14T18:30:41.866000+00:00,4,,,,,,,,
1,PRJ,59151,PRJ-1268,10002,Task,2020-07-14T18:56:32.691000+00:00,7,424211,10000,To Do,3,In Progress,To Do,In Progress,2020-07-30T19:52:38.450000+00:00
1,PRJ,59151,PRJ-1268,10002,Task,2020-07-14T18:56:32.691000+00:00,5,426936,3,In Progress,10017,Review,In Progress,In Progress,2020-08-05T14:05:25.126000+00:00
1,PRJ,59151,PRJ-1268,10002,Task,2020-07-14T18:56:32.691000+00:00,5,428242,10017,Review,10016,Deployed,In Progress,Done,2020-08-07T14:00:26.421000+00:00
1,PRJ,59165,PRJ-1269,10001,Story,2020-07-14T19:57:34.044000+00:00,7,409887,10000,To Do,10115,Prioritized,To Do,To Do,2020-07-14T20:03:20.047000+00:00
1,PRJ,59165,PRJ-1269,10001,Story,2020-07-14T19:57:34.044000+00:00,8,422727,10115,Prioritized,3,In Progress,To Do,In Progress,2020-07-29T10:37:31.602000+00:00
1,PRJ,59165,PRJ-1269,10001,Story,2020-07-14T19:57:34.044000+00:00,4,427662,3,In Progress,10017,Review,In Progress,In Progress,2020-08-06T16:16:15.672000+00:00
1,PRJ,59165,PRJ-1269,10001,Story,2020-07-14T19:57:34.044000+00:00,8,430869,10017,Review,10001,Accepted,In Progress,In Progress,2020-08-12T11:44:19.214000+00:00
1,PRJ,59179,PRJ-1271,10002,Task,2020-07-14T21:05:04.593000+00:00,6,,,,,,,,
1,PRJ,59190,PRJ-1272,10002,Task,2020-07-14T21:43:37.315000+00:00,1,,,,,,,,
1,PRJ,59244,PRJ-1274,10001,Story,2020-07-15T14:11:33.290000+00:00,7,,,,,,,,
1,PRJ,59291,PRJ-1275,10004,Bug,2020-07-15T18:18:53.756000+00:00,5,410970,10000,To Do,10115,Prioritized,To Do,To Do,2020-07-15T18:21:28.436000+00:00
1,PRJ,59291,PRJ-1275,10004,Bug,2020-07-15T18:18:53.756000+00:00,1,424257,10115,Prioritized,3,In Progress,To Do,In Progress,2020-07-30T20:48:21.527000+00:00
1,PRJ,59291,PRJ-1275,10004,Bug,2020-07-15T18:18:53.756000+00:00,5,424937,3,In Progress,10017,Review,In Progress,In Progress,2020-07-31T20:45:14.761000+00:00
1,PRJ,59291,PRJ-1275,10004,Bug,2020-07-15T18:18:53.756000+00:00,3,426209,10017,Review,10001,Accepted,In Progress,In Progress,2020-08-04T15:39:31.230000+00:00
1,PRJ,59291,PRJ-1275,10004,Bug,2020-07-15T18:18:53.756000+00:00,5,426329,10001,Accepted,10087,Can't Fix,In Progress,Done,2020-08-04T18:43:54.816000+00:00
1,PRJ,59291,PRJ-1275,10004,Bug,2020-07-15T18:18:53.756000+00:00,1,426331,10087,Can't Fix,10016,Deployed,Done,Done,2020-08-04T18:44:02.812000+00:00
1,PRJ,59292,PRJ-1276,10001,Story,2020-07-15T18:39:34.910000+00:00,8,,,,,,,,
1,PRJ,59309,PRJ-1277,10002,Task,2020-07-15T19:56:59.483000+00:00,3,411128,10000,To Do,10115,Prioritized,To Do,To Do,2020-07-15T19:57:52.565000+00:00
1,PRJ,59313,PRJ-1278,10002,Task,2020-07-15T20:01:31.321000+00:00,1,411147,10000,To Do,10115,Prioritized,To Do,To Do,2020-07-15T20:01:57.693000+00:00
1,PRJ,59314,PRJ-1279,10002,Task,2020-07-15T20:03:31.831000+00:00,1,411242,10000,To Do,10115,Prioritized,To Do,To Do,2020-07-15T20:24:56.279000+00:00
1,PRJ,59316,PRJ-1280,10002,Task,2020-07-15T20:12:18.829000+00:00,6,411288,10000,To Do,10115,Prioritized,To Do,To Do,2020-07-15T20:54:58.629000+00:00
1,PRJ,59316,PRJ-1280,10002,Task,2020-07-15T20:12:18.829000+00:00,2,413550,10115,Prioritized,3,In Progress,To Do,In Progress,2020-07-20T14:05:43.530000+00:00
1,PRJ,59316,PRJ-1280,10002,Task,2020-07-15T20:12:18.829000+00:00,5,414866,3,In Progress,10017,Review,In Progress,In Progress,2020-07-21T13:57:37.523000+00:00
1,PRJ,59316,PRJ-1280,10002,Task,2020-07-15T20:12:18.829000+00:00,5,415018,10017,Review,10001,Accepted,In Progress,In Progress,2020-07-21T15:11:37.462000+00:00
1,PRJ,59316,PRJ-1280,10002,Task,2020-07-15T20:12:18.829000+00:00,6,415501,10001,Accepted,10016,Deployed,In Progress,Done,2020-07-21T18:27:28.642000+00:00
1,PRJ,59317,PRJ-1281,10002,Task,2020-07-15T20:12:46.421000+00:00,8,411291,10000,To Do,10115,Prioritized,To Do,To Do,2020-07-15T20:55:05.645000+00:00
1,PRJ,59317,PRJ-1281,10002,Task,2020-07-15T20:12:46.421000+00:00,7,416358,10115,Prioritized,10087,Can't Fix,To Do,Done,2020-07-22T19:01:11.908000+00:00
1,PRJ,59320,PRJ-1282,10002,Task,2020-07-15T20:22:46.957000+00:00,8,411294,10000,To Do,10115,Prioritized,To Do,To Do,2020-07-15T20:55:13.269000+00:00
1,PRJ,59320,PRJ-1282,10002,Task,2020-07-15T20:22:46.957000+00:00,3,421166,10115,Prioritized,3,In Progress,To Do,In Progress,2020-07-27T15:22:00.864000+00:00
1,PRJ,59320,PRJ-1282,10002,Task,2020-07-15T20:22:46.957000+00:00,2,421643,3,In Progress,10017,Review,In Progress,In Progress,2020-07-27T21:42:12.186000+00:00
1,PRJ,59320,PRJ-1282,10002,Task,2020-07-15T20:22:46.957000+00:00,1,422820,10017,Review,10001,Accepted,In Progress,In Progress,2020-07-29T14:05:17.929000+00:00
1,PRJ,59320,PRJ-1282,10002,Task,2020-07-15T20:22:46.957000+00:00,2,423923,10001,Accepted,10017,Review,In Progress,In Progress,2020-07-30T14:25:30.852000+00:00
1,PRJ,59320,PRJ-1282,10002,Task,2020-07-15T20:22:46.957000+00:00,3,424476,10017,Review,10001,Accepted,In Progress,In Progress,2020-07-31T13:38:15.221000+00:00
1,PRJ,59320,PRJ-1282,10002,Task,2020-07-15T20:22:46.957000+00:00,2,424608,10001,Accepted,10016,Deployed,In Progress,Done,2020-07-31T17:22:43.048000+00:00
1,PRJ,59321,PRJ-1283,10002,Task,2020-07-15T20:24:47.855000+00:00,5,411244,10000,To Do,10115,Prioritized,To Do,To Do,2020-07-15T20:25:01.214000+00:00
1,PRJ,59321,PRJ-1283,10002,Task,2020-07-15T20:24:47.855000+00:00,2,431914,10115,Prioritized,3,In Progress,To Do,In Progress,2020-08-13T15:01:09.583000+00:00
1,PRJ,59322,PRJ-1284,10002,Task,2020-07-15T20:32:41.122000+00:00,3,411296,10000,To Do,10115,Prioritized,To Do,To Do,2020-07-15T20:55:18.843000+00:00
1,PRJ,59324,PRJ-1285,10002,Task,2020-07-15T20:37:42.475000+00:00,3,411299,10000,To Do,10115,Prioritized,To Do,To Do,2020-07-15T20:55:24.825000+00:00
1,PRJ,59341,PRJ-1286,10000,Epic,2020-07-15T23:24:50.175000+00:00,1,,,,,,,,
1,PRJ,59342,PRJ-1287,10000,Epic,2020-07-15T23:25:54.428000+00:00,4,,,,,,,,
1,PRJ,59343,PRJ-1288,10000,Epic,2020-07-15T23:28:34.616000+00:00,5,,,,,,,,
1,PRJ,59347,PRJ-1289,10000,Epic,2020-07-15T23:34:05.049000+00:00,5,,,,,,,,
1,PRJ,59376,PRJ-1290,10002,Task,2020-07-16T10:33:09.955000+00:00,2,411640,10000,To Do,10115,Prioritized,To Do,To Do,2020-07-16T10:33:16.073000+00:00
1,PRJ,59376,PRJ-1290,10002,Task,2020-07-16T10:33:09.955000+00:00,2,426200,10115,Prioritized,3,In Progress,To Do,In Progress,2020-08-04T15:27:21.879000+00:00
1,PRJ,59376,PRJ-1290,10002,Task,2020-07-16T10:33:09.955000+00:00,2,430512,3,In Progress,10017,Review,In Progress,In Progress,2020-08-11T18:17:25.857000+00:00
1,PRJ,59507,PRJ-1291,10004,Bug,2020-07-17T13:55:40.848000+00:00,6,412893,10000,To Do,10115,Prioritized,To Do,To Do,2020-07-17T16:26:48.189000+00:00
1,PRJ,59507,PRJ-1291,10004,Bug,2020-07-17T13:55:40.848000+00:00,4,420657,10115,Prioritized,3,In Progress,To Do,In Progress,2020-07-24T17:46:49.383000+00:00
1,PRJ,59507,PRJ-1291,10004,Bug,2020-07-17T13:55:40.848000+00:00,7,420658,3,In Progress,10017,Review,In Progress,In Progress,2020-07-24T17:49:26.762000+00:00
1,PRJ,59507,PRJ-1291,10004,Bug,2020-07-17T13:55:40.848000+00:00,7,421921,10017,Review,10016,Deployed,In Progress,Done,2020-07-28T14:34:10.823000+00:00
1,PRJ,59511,PRJ-1292,10004,Bug,2020-07-17T15:00:45.431000+00:00,2,412894,10000,To Do,10115,Prioritized,To Do,To Do,2020-07-17T16:26:55.309000+00:00
1,PRJ,59511,PRJ-1292,10004,Bug,2020-07-17T15:00:45.431000+00:00,5,420410,10115,Prioritized,3,In Progress,To Do,In Progress,2020-07-24T12:49:32.493000+00:00
1,PRJ,59511,PRJ-1292,10004,Bug,2020-07-17T15:00:45.431000+00:00,7,420412,3,In Progress,10017,Review,In Progress,In Progress,2020-07-24T12:52:59.710000+00:00
1,PRJ,59511,PRJ-1292,10004,Bug,2020-07-17T15:00:45.431000+00:00,8,421922,10017,Review,10016,Deployed,In Progress,Done,2020-07-28T14:34:15.553000+00:00
1,PRJ,59512,PRJ-1293,10004,Bug,2020-07-17T15:02:03.111000+00:00,1,412895,10000,To Do,10115,Prioritized,To Do,To Do,2020-07-17T16:26:59.298000+00:00
1,PRJ,59512,PRJ-1293,10004,Bug,2020-07-17T15:02:03.111000+00:00,6,419540,10115,Prioritized,3,In Progress,To Do,In Progress,2020-07-22T21:52:59.445000+00:00
1,PRJ,59512,PRJ-1293,10004,Bug,2020-07-17T15:02:03.111000+00:00,1,420393,3,In Progress,10087,Can't Fix,In Progress,Done,2020-07-24T12:06:50.774000+00:00
1,PRJ,59516,PRJ-1294,10001,Story,2020-07-17T16:05:13.753000+00:00,3,,,,,,,,
1,PRJ,59517,PRJ-1295,10001,Story,2020-07-17T16:09:20.431000+00:00,5,,,,,,,,
1,PRJ,59519,PRJ-1296,10004,Bug,2020-07-17T16:22:56.923000+00:00,8,412892,10000,To Do,10115,Prioritized,To Do,To Do,2020-07-17T16:26:26.753000+00:00
1,PRJ,59519,PRJ-1296,10004,Bug,2020-07-17T16:22:56.923000+00:00,3,416119,10115,Prioritized,10017,Review,To Do,In Progress,2020-07-22T15:16:46.051000+00:00
1,PRJ,59519,PRJ-1296,10004,Bug,2020-07-17T16:22:56.923000+00:00,8,419790,10017,Review,10016,Deployed,In Progress,Done,2020-07-23T11:11:39.896000+00:00
1,PRJ,59521,PRJ-1297,10004,Bug,2020-07-17T16:27:22.845000+00:00,3,412908,10000,To Do,10115,Prioritized,To Do,To Do,2020-07-17T16:30:47.067000+00:00
1,PRJ,59521,PRJ-1297,10004,Bug,2020-07-17T16:27:22.845000+00:00,7,427214,10115,Prioritized,10017,Review,To Do,In Progress,2020-08-05T18:14:11.359000+00:00
1,PRJ,59521,PRJ-1297,10004,Bug,2020-07-17T16:27:22.845000+00:00,4,428186,10017,Review,10016,Deployed,In Progress,Done,2020-08-07T11:53:19.806000+00:00
1,PRJ,59522,PRJ-1298,10004,Bug,2020-07-17T16:28:22.261000+00:00,4,412911,10000,To Do,10115,Prioritized,To Do,To Do,2020-07-17T16:31:07.585000+00:00
1,PRJ,59522,PRJ-1298,10004,Bug,2020-07-17T16:28:22.261000+00:00,8,421279,10115,Prioritized,3,In Progress,To Do,In Progress,2020-07-27T16:34:12.085000+00:00
1,PRJ,59522,PRJ-1298,10004,Bug,2020-07-17T16:28:22.261000+00:00,6,427660,3,In Progress,10017,Review,In Progress,In Progress,2020-08-06T16:16:12.054000+00:00
1,PRJ,59522,PRJ-1298,10004,Bug,2020-07-17T16:28:22.261000+00:00,1,430866,10017,Review,10001,Accepted,In Progress,In Progress,2020-08-12T11:44:14.559000+00:00
1,PRJ,59603,PRJ-1299,10002,Task,2020-07-20T14:03:35.360000+00:00,1,,,,,,,,
1,PRJ,59739,PRJ-1300,10004,Bug,2020-07-21T12:40:29.959000+00:00,1,424669,10000,To Do,10115,Prioritized,To Do,To Do,2020-07-31T17:47:27.977000+00:00
1,PRJ,59739,PRJ-1300,10004,Bug,2020-07-21T12:40:29.959000+00:00,1,430722,10115,Prioritized,3,In Progress,To Do,In Progress,2020-08-11T21:44:48.811000+00:00
1,PRJ,59739,PRJ-1300,10004,Bug,2020-07-21T12:40:29.959000+00:00,3,432705,3,In Progress,10017,Review,In Progress,In Progress,2020-08-14T20:15:04.364000+00:00
1,PRJ,59739,PRJ-1300,10004,Bug,2020-07-21T12:40:29.959000+00:00,3,435341,10017,Review,10001,Accepted,In Progress,In Progress,2020-08-24T20:23:34.942000+00:00
1,PRJ,59740,PRJ-1301,10004,Bug,2020-07-21T12:55:44.045000+00:00,4,424089,10000,To Do,3,In Progress,To Do,In Progress,2020-07-30T16:33:06.487000+00:00
1,PRJ,59740,PRJ-1301,10004,Bug,2020-07-21T12:55:44.045000+00:00,3,427661,3,In Progress,10017,Review,In Progress,In Progress,2020-08-06T16:16:13.498000+00:00
1,PRJ,59740,PRJ-1301,10004,Bug,2020-07-21T12:55:44.045000+00:00,1,430867,10017,Review,10001,Accepted,In Progress,In Progress,2020-08-12T11:44:16.567000+00:00
1,PRJ,59772,PRJ-1302,10001,Story,2020-07-21T15:43:28.935000+00:00,3,415045,10000,To Do,10115,Prioritized,To Do,To Do,2020-07-21T15:43:37.606000+00:00
1,PRJ,59772,PRJ-1302,10001,Story,2020-07-21T15:43:28.935000+00:00,6,415777,10115,Prioritized,3,In Progress,To Do,In Progress,2020-07-21T21:27:17.696000+00:00
1,PRJ,59772,PRJ-1302,10001,Story,2020-07-21T15:43:28.935000+00:00,2,428243,3,In Progress,10016,Deployed,In Progress,Done,2020-08-07T14:01:36.827000+00:00
1,PRJ,59773,PRJ-1303,10001,Story,2020-07-21T15:45:14.997000+00:00,4,428360,10000,To Do,10115,Prioritized,To Do,To Do,2020-08-07T15:30:02.977000+00:00
1,PRJ,59773,PRJ-1303,10001,Story,2020-07-21T15:45:14.997000+00:00,3,430320,10115,Prioritized,3,In Progress,To Do,In Progress,2020-08-11T15:42:59.965000+00:00
1,PRJ,59774,PRJ-1304,10001,Story,2020-07-21T15:45:52.454000+00:00,2,,,,,,,,
1,PRJ,59782,PRJ-1305,10001,Story,2020-07-21T15:57:27.965000+00:00,1,,,,,,,,
1,PRJ,59827,PRJ-1307,10001,Story,2020-07-21T18:48:32.709000+00:00,1,,,,,,,,
1,PRJ,59832,PRJ-1308,10000,Epic,2020-07-21T19:13:57.874000+00:00,8,,,,,,,,
1,PRJ,59946,PRJ-1309,10001,Story,2020-07-22T21:40:59.486000+00:00,4,,,,,,,,
1,PRJ,59984,PRJ-1310,10002,Task,2020-07-23T00:56:54.593000+00:00,5,,,,,,,,
1,PRJ,59985,PRJ-1311,10004,Bug,2020-07-23T02:09:40.685000+00:00,3,419727,10000,To Do,10115,Prioritized,To Do,To Do,2020-07-23T02:14:23.716000+00:00
1,PRJ,59985,PRJ-1311,10004,Bug,2020-07-23T02:09:40.685000+00:00,1,419822,10115,Prioritized,3,In Progress,To Do,In Progress,2020-07-23T11:27:36.644000+00:00
1,PRJ,59985,PRJ-1311,10004,Bug,2020-07-23T02:09:40.685000+00:00,7,420394,3,In Progress,10017,Review,In Progress,In Progress,2020-07-24T12:09:30.651000+00:00
1,PRJ,59985,PRJ-1311,10004,Bug,2020-07-23T02:09:40.685000+00:00,2,420453,10017,Review,10016,Deployed,In Progress,Done,2020-07-24T14:35:26.700000+00:00
1,PRJ,60014,PRJ-1312,10001,Story,2020-07-23T14:35:41.868000+00:00,3,422006,10000,To Do,10115,Prioritized,To Do,To Do,2020-07-28T15:53:42.137000+00:00
1,PRJ,60014,PRJ-1312,10001,Story,2020-07-23T14:35:41.868000+00:00,7,422241,10115,Prioritized,3,In Progress,To Do,In Progress,2020-07-28T18:55:17.875000+00:00
1,PRJ,60014,PRJ-1312,10001,Story,2020-07-23T14:35:41.868000+00:00,2,422377,3,In Progress,10017,Review,In Progress,In Progress,2020-07-28T20:57:18.698000+00:00
1,PRJ,60014,PRJ-1312,10001,Story,2020-07-23T14:35:41.868000+00:00,1,422749,10017,Review,10001,Accepted,In Progress,In Progress,2020-07-29T13:04:10.275000+00:00
1,PRJ,60014,PRJ-1312,10001,Story,2020-07-23T14:35:41.868000+00:00,6,422821,10001,Accepted,10016,Deployed,In Progress,Done,2020-07-29T14:06:54.584000+00:00
1,PRJ,60041,PRJ-1313,10004,Bug,2020-07-23T19:41:03.849000+00:00,5,427688,10000,To Do,10115,Prioritized,To Do,To Do,2020-08-06T16:46:59.306000+00:00
1,PRJ,60081,PRJ-1314,10002,Task,2020-07-24T20:38:42.168000+00:00,8,,,,,,,,
1,PRJ,60082,PRJ-1315,10002,Task,2020-07-24T20:42:21.405000+00:00,5,420753,10000,To Do,3,In Progress,To Do,In Progress,2020-07-24T20:42:27.826000+00:00
1,PRJ,60082,PRJ-1315,10002,Task,2020-07-24T20:42:21.405000+00:00,5,421955,3,In Progress,10017,Review,In Progress,In Progress,2020-07-28T15:17:41.147000+00:00
1,PRJ,60082,PRJ-1315,10002,Task,2020-07-24T20:42:21.405000+00:00,5,422224,10017,Review,10016,Deployed,In Progress,Done,2020-07-28T18:50:15.133000+00:00
1,PRJ,60115,PRJ-1316,10002,Task,2020-07-27T14:45:42.557000+00:00,1,421104,10000,To Do,10115,Prioritized,To Do,To Do,2020-07-27T14:54:27.359000+00:00
1,PRJ,60115,PRJ-1316,10002,Task,2020-07-27T14:45:42.557000+00:00,4,421861,10115,Prioritized,3,In Progress,To Do,In Progress,2020-07-28T11:55:44.353000+00:00
1,PRJ,60115,PRJ-1316,10002,Task,2020-07-27T14:45:42.557000+00:00,1,421862,3,In Progress,10115,Prioritized,In Progress,To Do,2020-07-28T11:55:50.673000+00:00
1,PRJ,60115,PRJ-1316,10002,Task,2020-07-27T14:45:42.557000+00:00,6,421863,10115,Prioritized,3,In Progress,To Do,In Progress,2020-07-28T11:55:52.775000+00:00
1,PRJ,60115,PRJ-1316,10002,Task,2020-07-27T14:45:42.557000+00:00,2,422239,3,In Progress,10017,Review,In Progress,In Progress,2020-07-28T18:54:59.236000+00:00
1,PRJ,60115,PRJ-1316,10002,Task,2020-07-27T14:45:42.557000+00:00,7,422750,10017,Review,10001,Accepted,In Progress,In Progress,2020-07-29T13:04:11.767000+00:00
1,PRJ,60115,PRJ-1316,10002,Task,2020-07-27T14:45:42.557000+00:00,2,423041,10001,Accepted,10016,Deployed,In Progress,Done,2020-07-29T15:43:19.447000+00:00
1,PRJ,60117,PRJ-1317,10002,Task,2020-07-27T14:52:45.874000+00:00,3,421106,10000,To Do,10115,Prioritized,To Do,To Do,2020-07-27T14:54:41.446000+00:00
1,PRJ,60117,PRJ-1317,10002,Task,2020-07-27T14:52:45.874000+00:00,8,421274,10115,Prioritized,3,In Progress,To Do,In Progress,2020-07-27T16:30:26.694000+00:00
1,PRJ,60117,PRJ-1317,10002,Task,2020-07-27T14:52:45.874000+00:00,3,421860,3,In Progress,10017,Review,In Progress,In Progress,2020-07-28T11:55:42.110000+00:00
1,PRJ,60117,PRJ-1317,10002,Task,2020-07-27T14:52:45.874000+00:00,7,421983,10017,Review,10016,Deployed,In Progress,Done,2020-07-28T15:40:15.157000+00:00
1,PRJ,60141,PRJ-1318,10002,Task,2020-07-27T17:39:40.410000+00:00,5,421420,10000,To Do,10115,Prioritized,To Do,To Do,2020-07-27T17:42:15.330000+00:00
1,PRJ,60141,PRJ-1318,10002,Task,2020-07-27T17:39:40.410000+00:00,2,421501,10115,Prioritized,3,In Progress,To Do,In Progress,2020-07-27T19:12:12.550000+00:00
1,PRJ,60141,PRJ-1318,10002,Task,2020-07-27T17:39:40.410000+00:00,6,421594,3,In Progress,10017,Review,In Progress,In Progress,2020-07-27T21:04:55.354000+00:00
1,PRJ,60141,PRJ-1318,10002,Task,2020-07-27T17:39:40.410000+00:00,1,422077,10017,Review,10001,Accepted,In Progress,In Progress,2020-07-28T16:57:41.938000+00:00
1,PRJ,60141,PRJ-1318,10002,Task,2020-07-27T17:39:40.410000+00:00,6,422140,10001,Accepted,10016,Deployed,In Progress,Done,2020-07-28T17:52:25.261000+00:00
1,PRJ,60142,PRJ-1319,10002,Task,2020-07-27T17:41:03.003000+00:00,5,421419,10000,To Do,10115,Prioritized,To Do,To Do,2020-07-27T17:41:52.672000+00:00
1,PRJ,60142,PRJ-1319,10002,Task,2020-07-27T17:41:03.003000+00:00,8,421923,10115,Prioritized,3,In Progress,To Do,In Progress,2020-07-28T14:42:40.689000+00:00
1,PRJ,60142,PRJ-1319,10002,Task,2020-07-27T17:41:03.003000+00:00,3,422216,3,In Progress,10017,Review,In Progress,In Progress,2020-07-28T18:41:33.367000+00:00
1,PRJ,60142,PRJ-1319,10002,Task,2020-07-27T17:41:03.003000+00:00,5,423005,10017,Review,10016,Deployed,In Progress,Done,2020-07-29T15:19:00.585000+00:00
1,PRJ,60206,PRJ-1320,10001,Story,2020-07-28T15:12:02.691000+00:00,8,421945,10000,To Do,10001,Accepted,To Do,In Progress,2020-07-28T15:12:13.659000+00:00
1,PRJ,60206,PRJ-1320,10001,Story,2020-07-28T15:12:02.691000+00:00,5,421960,10001,Accepted,10115,Prioritized,In Progress,To Do,2020-07-28T15:18:57.439000+00:00
1,PRJ,60206,PRJ-1320,10001,Story,2020-07-28T15:12:02.691000+00:00,2,421972,10115,Prioritized,3,In Progress,To Do,In Progress,2020-07-28T15:30:31.068000+00:00
1,PRJ,60206,PRJ-1320,10001,Story,2020-07-28T15:12:02.691000+00:00,4,423445,3,In Progress,10115,Prioritized,In Progress,To Do,2020-07-29T18:39:20.056000+00:00
1,PRJ,60206,PRJ-1320,10001,Story,2020-07-28T15:12:02.691000+00:00,2,423446,10115,Prioritized,3,In Progress,To Do,In Progress,2020-07-29T18:39:24.400000+00:00
1,PRJ,60206,PRJ-1320,10001,Story,2020-07-28T15:12:02.691000+00:00,1,435652,3,In Progress,10016,Deployed,In Progress,Done,2020-08-25T12:36:39.944000+00:00
1,PRJ,60206,PRJ-1320,10001,Story,2020-07-28T15:12:02.691000+00:00,3,435685,10016,Deployed,3,In Progress,Done,In Progress,2020-08-25T13:56:39.646000+00:00
1,PRJ,60207,PRJ-1321,10001,Story,2020-07-28T15:14:26.529000+00:00,5,421949,10000,To Do,10001,Accepted,To Do,In Progress,2020-07-28T15:14:35.861000+00:00
1,PRJ,60207,PRJ-1321,10001,Story,2020-07-28T15:14:26.529000+00:00,4,421962,10001,Accepted,10115,Prioritized,In Progress,To Do,2020-07-28T15:19:01.954000+00:00
1,PRJ,60207,PRJ-1321,10001,Story,2020-07-28T15:14:26.529000+00:00,5,423444,10115,Prioritized,3,In Progress,To Do,In Progress,2020-07-29T18:39:18.363000+00:00
1,PRJ,60207,PRJ-1321,10001,Story,2020-07-28T15:14:26.529000+00:00,1,430290,3,In Progress,10016,Deployed,In Progress,Done,2020-08-11T14:45:35.332000+00:00
1,PRJ,60208,PRJ-1322,10001,Story,2020-07-28T15:18:30.882000+00:00,3,421959,10000,To Do,10001,Accepted,To Do,In Progress,2020-07-28T15:18:48.648000+00:00
1,PRJ,60208,PRJ-1322,10001,Story,2020-07-28T15:18:30.882000+00:00,6,421961,10001,Accepted,10115,Prioritized,In Progress,To Do,2020-07-28T15:18:59.741000+00:00
1,PRJ,60208,PRJ-1322,10001,Story,2020-07-28T15:18:30.882000+00:00,7,435653,10115,Prioritized,3,In Progress,To Do,In Progress,2020-08-25T12:36:58.041000+00:00
1,PRJ,60209,PRJ-1323,10002,Task,2020-07-28T15:27:28.589000+00:00,6,421970,10000,To Do,3,In Progress,To Do,In Progress,2020-07-28T15:27:53.606000+00:00
1,PRJ,60209,PRJ-1323,10002,Task,2020-07-28T15:27:28.589000+00:00,8,422983,3,In Progress,10087,Can't Fix,In Progress,Done,2020-07-29T15:02:27.670000+00:00
1,PRJ,60212,PRJ-1324,10001,Story,2020-07-28T15:49:41.359000+00:00,3,,,,,,,,
1,PRJ,60214,PRJ-1325,10002,Task,2020-07-28T16:08:34.643000+00:00,3,,,,,,,,
1,PRJ,60215,PRJ-1326,10002,Task,2020-07-28T16:17:46.074000+00:00,6,422027,10000,To Do,10115,Prioritized,To Do,To Do,2020-07-28T16:17:55.081000+00:00
1,PRJ,60215,PRJ-1326,10002,Task,2020-07-28T16:17:46.074000+00:00,2,422405,10115,Prioritized,10017,Review,To Do,In Progress,2020-07-28T21:25:45.771000+00:00
1,PRJ,60215,PRJ-1326,10002,Task,2020-07-28T16:17:46.074000+00:00,3,423007,10017,Review,10016,Deployed,In Progress,Done,2020-07-29T15:19:09.050000+00:00
1,PRJ,60246,PRJ-1327,10002,Task,2020-07-28T19:42:56.626000+00:00,8,422321,10000,To Do,10115,Prioritized,To Do,To Do,2020-07-28T19:43:16.018000+00:00
1,PRJ,60246,PRJ-1327,10002,Task,2020-07-28T19:42:56.626000+00:00,4,422863,10115,Prioritized,3,In Progress,To Do,In Progress,2020-07-29T14:25:09.154000+00:00
1,PRJ,60246,PRJ-1327,10002,Task,2020-07-28T19:42:56.626000+00:00,3,422943,3,In Progress,10017,Review,In Progress,In Progress,2020-07-29T14:56:45.203000+00:00
1,PRJ,60246,PRJ-1327,10002,Task,2020-07-28T19:42:56.626000+00:00,4,423990,10017,Review,10001,Accepted,In Progress,In Progress,2020-07-30T14:55:18.295000+00:00
1,PRJ,60246,PRJ-1327,10002,Task,2020-07-28T19:42:56.626000+00:00,8,424068,10001,Accepted,10016,Deployed,In Progress,Done,2020-07-30T16:03:08.818000+00:00
1,PRJ,60259,PRJ-1328,10004,Bug,2020-07-28T21:31:42.235000+00:00,8,424087,10000,To Do,10115,Prioritized,To Do,To Do,2020-07-30T16:31:32.465000+00:00
1,PRJ,60259,PRJ-1328,10004,Bug,2020-07-28T21:31:42.235000+00:00,1,427229,10115,Prioritized,3,In Progress,To Do,In Progress,2020-08-05T18:23:09.922000+00:00
1,PRJ,60259,PRJ-1328,10004,Bug,2020-07-28T21:31:42.235000+00:00,6,427243,3,In Progress,10017,Review,In Progress,In Progress,2020-08-05T18:29:36.378000+00:00
1,PRJ,60259,PRJ-1328,10004,Bug,2020-07-28T21:31:42.235000+00:00,2,428187,10017,Review,10016,Deployed,In Progress,Done,2020-08-07T11:53:22.256000+00:00
1,PRJ,60355,PRJ-1329,10001,Story,2020-07-29T18:31:04.475000+00:00,8,431091,10000,To Do,3,In Progress,To Do,In Progress,2020-08-12T15:54:32.660000+00:00
1,PRJ,60355,PRJ-1329,10001,Story,2020-07-29T18:31:04.475000+00:00,3,431496,3,In Progress,10017,Review,In Progress,In Progress,2020-08-12T17:44:40.983000+00:00
1,PRJ,60355,PRJ-1329,10001,Story,2020-07-29T18:31:04.475000+00:00,7,434593,10017,Review,10016,Deployed,In Progress,Done,2020-08-24T11:27:40.759000+00:00
1,PRJ,60431,PRJ-1330,10002,Task,2020-07-30T14:46:58.744000+00:00,6,423981,10000,To Do,10017,Review,To Do,In Progress,2020-07-30T14:47:06.296000+00:00
1,PRJ,60431,PRJ-1330,10002,Task,2020-07-30T14:46:58.744000+00:00,1,425490,10017,Review,10016,Deployed,In Progress,Done,2020-08-03T17:11:22.116000+00:00
1,PRJ,60432,PRJ-1331,10002,Task,2020-07-30T15:00:54.483000+00:00,5,423996,10000,To Do,3,In Progress,To Do,In Progress,2020-07-30T15:00:58.856000+00:00
1,PRJ,60432,PRJ-1331,10002,Task,2020-07-30T15:00:54.483000+00:00,2,424069,3,In Progress,10017,Review,In Progress,In Progress,2020-07-30T16:16:23.707000+00:00
1,PRJ,60432,PRJ-1331,10002,Task,2020-07-30T15:00:54.483000+00:00,3,428188,10017,Review,10016,Deployed,In Progress,Done,2020-08-07T11:53:35.196000+00:00
1,PRJ,60441,PRJ-1332,10002,Task,2020-07-30T18:01:12.196000+00:00,8,,,,,,,,
1,PRJ,60508,PRJ-1333,10002,Task,2020-07-31T16:03:27.341000+00:00,2,424543,10000,To Do,3,In Progress,To Do,In Progress,2020-07-31T16:03:40.919000+00:00
1,PRJ,60508,PRJ-1333,10002,Task,2020-07-31T16:03:27.341000+00:00,7,424637,3,In Progress,10017,Review,In Progress,In Progress,2020-07-31T17:39:28.785000+00:00
1,PRJ,60508,PRJ-1333,10002,Task,2020-07-31T16:03:27.341000+00:00,3,429543,10017,Review,10001,Accepted,In Progress,In Progress,2020-08-10T17:36:41.456000+00:00
1,PRJ,60508,PRJ-1333,10002,Task,2020-07-31T16:03:27.341000+00:00,5,429758,10001,Accepted,10016,Deployed,In Progress,Done,2020-08-10T19:38:06.984000+00:00
1,PRJ,60554,PRJ-1335,10004,Bug,2020-08-03T10:49:13.073000+00:00,4,425482,10000,To Do,3,In Progress,To Do,In Progress,2020-08-03T17:04:40.826000+00:00
1,PRJ,60554,PRJ-1335,10004,Bug,2020-08-03T10:49:13.073000+00:00,1,425606,3,In Progress,10017,Review,In Progress,In Progress,2020-08-03T18:08:44.789000+00:00
1,PRJ,60554,PRJ-1335,10004,Bug,2020-08-03T10:49:13.073000+00:00,8,427687,10017,Review,10016,Deployed,In Progress,Done,2020-08-06T16:46:32.280000+00:00
1,PRJ,60610,PRJ-1336,10002,Task,2020-08-03T17:12:22.948000+00:00,2,425498,10000,To Do,3,In Progress,To Do,In Progress,2020-08-03T17:12:30.111000+00:00
1,PRJ,60610,PRJ-1336,10002,Task,2020-08-03T17:12:22.948000+00:00,4,425528,3,In Progress,10017,Review,In Progress,In Progress,2020-08-03T17:25:16.775000+00:00
1,PRJ,60682,PRJ-1337,10001,Story,2020-08-04T14:27:48.134000+00:00,4,426101,10000,To Do,3,In Progress,To Do,In Progress,2020-08-04T14:28:51.663000+00:00
1,PRJ,60682,PRJ-1337,10001,Story,2020-08-04T14:27:48.134000+00:00,8,426102,3,In Progress,10016,Deployed,In Progress,Done,2020-08-04T14:29:05.244000+00:00
1,PRJ,60683,PRJ-1338,10001,Story,2020-08-04T14:42:47.618000+00:00,6,426108,10000,To Do,10115,Prioritized,To Do,To Do,2020-08-04T14:43:00.996000+00:00
1,PRJ,60683,PRJ-1338,10001,Story,2020-08-04T14:42:47.618000+00:00,6,429545,10115,Prioritized,3,In Progress,To Do,In Progress,2020-08-10T17:37:23.084000+00:00
1,PRJ,60683,PRJ-1338,10001,Story,2020-08-04T14:42:47.618000+00:00,3,429586,3,In Progress,10017,Review,In Progress,In Progress,2020-08-10T18:01:36.996000+00:00
1,PRJ,60683,PRJ-1338,10001,Story,2020-08-04T14:42:47.618000+00:00,3,429759,10017,Review,10001,Accepted,In Progress,In Progress,2020-08-10T19:38:09.913000+00:00
1,PRJ,60683,PRJ-1338,10001,Story,2020-08-04T14:42:47.618000+00:00,7,430229,10001,Accepted,10016,Deployed,In Progress,Done,2020-08-11T13:34:04.189000+00:00
1,PRJ,60704,PRJ-1339,10002,Task,2020-08-04T17:39:50.545000+00:00,8,,,,,,,,
1,PRJ,60705,PRJ-1340,10002,Task,2020-08-04T17:41:59.280000+00:00,8,,,,,,,,
1,PRJ,60709,PRJ-1341,10001,Story,2020-08-04T18:07:13.687000+00:00,5,426317,10000,To Do,10001,Accepted,To Do,In Progress,2020-08-04T18:07:22.840000+00:00
1,PRJ,60709,PRJ-1341,10001,Story,2020-08-04T18:07:13.687000+00:00,5,426318,10001,Accepted,10115,Prioritized,In Progress,To Do,2020-08-04T18:07:31.283000+00:00
1,PRJ,60709,PRJ-1341,10001,Story,2020-08-04T18:07:13.687000+00:00,1,430291,10115,Prioritized,10000,To Do,To Do,To Do,2020-08-11T14:45:51.670000+00:00
1,PRJ,60748,PRJ-1342,10004,Bug,2020-08-05T10:45:13.448000+00:00,2,426746,10000,To Do,10115,Prioritized,To Do,To Do,2020-08-05T10:45:26.361000+00:00
1,PRJ,60748,PRJ-1342,10004,Bug,2020-08-05T10:45:13.448000+00:00,3,427217,10115,Prioritized,3,In Progress,To Do,In Progress,2020-08-05T18:19:09.513000+00:00
1,PRJ,60748,PRJ-1342,10004,Bug,2020-08-05T10:45:13.448000+00:00,4,427230,3,In Progress,10017,Review,In Progress,In Progress,2020-08-05T18:23:12.559000+00:00
1,PRJ,60748,PRJ-1342,10004,Bug,2020-08-05T10:45:13.448000+00:00,2,427933,10017,Review,10016,Deployed,In Progress,Done,2020-08-06T20:16:38.012000+00:00
1,PRJ,60776,PRJ-1343,10004,Bug,2020-08-05T14:39:36.694000+00:00,1,428197,10000,To Do,3,In Progress,To Do,In Progress,2020-08-07T12:07:35.338000+00:00
1,PRJ,60776,PRJ-1343,10004,Bug,2020-08-05T14:39:36.694000+00:00,2,428211,3,In Progress,10017,Review,In Progress,In Progress,2020-08-07T12:35:40.592000+00:00
1,PRJ,60776,PRJ-1343,10004,Bug,2020-08-05T14:39:36.694000+00:00,4,430219,10017,Review,10016,Deployed,In Progress,Done,2020-08-11T13:05:53.300000+00:00
1,PRJ,60779,PRJ-1344,10002,Task,2020-08-05T14:42:25.152000+00:00,6,429747,10000,To Do,3,In Progress,To Do,In Progress,2020-08-10T19:36:28.638000+00:00
1,PRJ,60779,PRJ-1344,10002,Task,2020-08-05T14:42:25.152000+00:00,5,431820,3,In Progress,10017,Review,In Progress,In Progress,2020-08-13T13:52:07.847000+00:00
1,PRJ,60782,PRJ-1345,10002,Task,2020-08-05T14:51:29.275000+00:00,2,,,,,,,,
1,PRJ,60784,PRJ-1346,10002,Task,2020-08-05T14:59:55.559000+00:00,2,,,,,,,,
1,PRJ,60926,PRJ-1347,10002,Task,2020-08-07T13:23:13.251000+00:00,6,,,,,,,,
1,PRJ,60980,PRJ-1348,10001,Story,2020-08-07T20:56:23.161000+00:00,2,428773,10000,To Do,10115,Prioritized,To Do,To Do,2020-08-07T20:57:29.105000+00:00
1,PRJ,60981,PRJ-1349,10001,Story,2020-08-07T20:57:00.170000+00:00,5,428774,10000,To Do,10115,Prioritized,To Do,To Do,2020-08-07T20:57:40.360000+00:00
1,PRJ,60982,PRJ-1350,10004,Bug,2020-08-07T21:49:04.948000+00:00,5,428950,10000,To Do,10087,Can't Fix,To Do,Done,2020-08-10T12:39:14.746000+00:00
1,PRJ,61012,PRJ-1351,10004,Bug,2020-08-10T15:06:51.048000+00:00,7,429027,10000,To Do,10115,Prioritized,To Do,To Do,2020-08-10T15:07:24.719000+00:00
1,PRJ,61019,PRJ-1352,10001,Story,2020-08-10T16:20:42.331000+00:00,2,431523,10000,To Do,10115,Prioritized,To Do,To Do,2020-08-12T18:40:18.420000+00:00
1,PRJ,61019,PRJ-1352,10001,Story,2020-08-10T16:20:42.331000+00:00,6,435273,10115,Prioritized,3,In Progress,To Do,In Progress,2020-08-24T19:03:56.547000+00:00
1,PRJ,61039,PRJ-1353,10002,Task,2020-08-10T18:58:46.066000+00:00,5,429711,10000,To Do,10115,Prioritized,To Do,To Do,2020-08-10T19:23:06.001000+00:00
1,PRJ,61039,PRJ-1353,10002,Task,2020-08-10T18:58:46.066000+00:00,4,430584,10115,Prioritized,3,In Progress,To Do,In Progress,2020-08-11T20:32:37.850000+00:00
1,PRJ,61039,PRJ-1353,10002,Task,2020-08-10T18:58:46.066000+00:00,2,435290,3,In Progress,10017,Review,In Progress,In Progress,2020-08-24T19:32:26.457000+00:00
1,PRJ,61041,PRJ-1354,10002,Task,2020-08-10T19:01:15.200000+00:00,8,429712,10000,To Do,10115,Prioritized,To Do,To Do,2020-08-10T19:23:06.324000+00:00
1,PRJ,61042,PRJ-1355,10002,Task,2020-08-10T19:03:08.610000+00:00,1,429713,10000,To Do,10115,Prioritized,To Do,To Do,2020-08-10T19:23:06.525000+00:00
1,PRJ,61051,PRJ-1356,10002,Task,2020-08-10T19:22:00.737000+00:00,5,429714,10000,To Do,10115,Prioritized,To Do,To Do,2020-08-10T19:23:06.732000+00:00
1,PRJ,61055,PRJ-1357,10004,Bug,2020-08-10T19:33:49.304000+00:00,3,429738,10000,To Do,10115,Prioritized,To Do,To Do,2020-08-10T19:34:11.986000+00:00
1,PRJ,61055,PRJ-1357,10004,Bug,2020-08-10T19:33:49.304000+00:00,5,430191,10115,Prioritized,3,In Progress,To Do,In Progress,2020-08-11T11:14:25.327000+00:00
1,PRJ,61055,PRJ-1357,10004,Bug,2020-08-10T19:33:49.304000+00:00,5,430195,3,In Progress,10017,Review,In Progress,In Progress,2020-08-11T11:23:58.807000+00:00
1,PRJ,61055,PRJ-1357,10004,Bug,2020-08-10T19:33:49.304000+00:00,8,430220,10017,Review,10016,Deployed,In Progress,Done,2020-08-11T13:05:55.198000+00:00
1,PRJ,61060,PRJ-1358,10001,Story,2020-08-10T19:41:45.909000+00:00,1,429776,10000,To Do,10115,Prioritized,To Do,To Do,2020-08-10T19:42:47.960000+00:00
1,PRJ,61060,PRJ-1358,10001,Story,2020-08-10T19:41:45.909000+00:00,7,430197,10115,Prioritized,3,In Progress,To Do,In Progress,2020-08-11T11:25:30.564000+00:00
1,PRJ,61060,PRJ-1358,10001,Story,2020-08-10T19:41:45.909000+00:00,2,430198,3,In Progress,10017,Review,In Progress,In Progress,2020-08-11T11:29:17.811000+00:00
1,PRJ,61060,PRJ-1358,10001,Story,2020-08-10T19:41:45.909000+00:00,1,430221,10017,Review,10016,Deployed,In Progress,Done,2020-08-11T13:05:56.768000+00:00
1,PRJ,61107,PRJ-1359,10001,Story,2020-08-11T14:47:20.707000+00:00,2,430294,10000,To Do,3,In Progress,To Do,In Progress,2020-08-11T14:47:33.741000+00:00
1,PRJ,61107,PRJ-1359,10001,Story,2020-08-11T14:47:20.707000+00:00,5,435655,3,In Progress,10016,Deployed,In Progress,Done,2020-08-25T12:37:26.006000+00:00
1,PRJ,61108,PRJ-1360,10001,Story,2020-08-11T14:48:37.304000+00:00,7,430297,10000,To Do,10001,Accepted,To Do,In Progress,2020-08-11T14:48:45.242000+00:00
1,PRJ,61108,PRJ-1360,10001,Story,2020-08-11T14:48:37.304000+00:00,4,430298,10001,Accepted,10000,To Do,In Progress,To Do,2020-08-11T14:48:49.457000+00:00
1,PRJ,61108,PRJ-1360,10001,Story,2020-08-11T14:48:37.304000+00:00,4,430299,10000,To Do,10115,Prioritized,To Do,To Do,2020-08-11T14:48:52.412000+00:00
1,PRJ,61108,PRJ-1360,10001,Story,2020-08-11T14:48:37.304000+00:00,2,435654,10115,Prioritized,10016,Deployed,To Do,Done,2020-08-25T12:37:13.484000+00:00
1,PRJ,61177,PRJ-1361,10004,Bug,2020-08-12T11:44:17.237000+00:00,7,,,,,,,,
1,PRJ,61235,PRJ-1362,10001,Story,2020-08-12T17:19:26.365000+00:00,7,431495,10000,To Do,10115,Prioritized,To Do,To Do,2020-08-12T17:41:17.624000+00:00
1,PRJ,61267,PRJ-1363,10001,Story,2020-08-13T08:53:01.733000+00:00,3,434121,10000,To Do,10115,Prioritized,To Do,To Do,2020-08-20T21:59:49.703000+00:00
1,PRJ,61276,PRJ-1364,10002,Task,2020-08-13T13:50:58.291000+00:00,2,,,,,,,,
1,PRJ,61277,PRJ-1365,10002,Task,2020-08-13T13:52:32.413000+00:00,4,,,,,,,,
1,PRJ,61278,PRJ-1366,10002,Task,2020-08-13T13:52:44.683000+00:00,1,,,,,,,,
1,PRJ,61279,PRJ-1367,10002,Task,2020-08-13T13:52:51.518000+00:00,8,,,,,,,,
1,PRJ,61286,PRJ-1368,10000,Epic,2020-08-13T14:09:04.063000+00:00,2,,,,,,,,
1,PRJ,61290,PRJ-1369,10004,Bug,2020-08-13T14:16:32.871000+00:00,3,,,,,,,,
1,PRJ,61299,PRJ-1370,10004,Bug,2020-08-13T15:11:20.829000+00:00,4,431934,10000,To Do,10115,Prioritized,To Do,To Do,2020-08-13T15:26:20.463000+00:00
1,PRJ,61299,PRJ-1370,10004,Bug,2020-08-13T15:11:20.829000+00:00,2,431997,10115,Prioritized,3,In Progress,To Do,In Progress,2020-08-13T16:43:42.451000+00:00
1,PRJ,61345,PRJ-1371,10004,Bug,2020-08-14T11:29:15.114000+00:00,4,432417,10000,To Do,10115,Prioritized,To Do,To Do,2020-08-14T11:34:21.908000+00:00
1,PRJ,61351,PRJ-1372,10004,Bug,2020-08-14T14:14:47.674000+00:00,3,432446,10000,To Do,10115,Prioritized,To Do,To Do,2020-08-14T14:15:24.168000+00:00
1,PRJ,61351,PRJ-1372,10004,Bug,2020-08-14T14:14:47.674000+00:00,2,432729,10115,Prioritized,3,In Progress,To Do,In Progress,2020-08-14T20:41:01.585000+00:00
1,PRJ,61351,PRJ-1372,10004,Bug,2020-08-14T14:14:47.674000+00:00,6,435269,3,In Progress,10115,Prioritized,In Progress,To Do,2020-08-24T19:02:29.364000+00:00
1,PRJ,61351,PRJ-1372,10004,Bug,2020-08-14T14:14:47.674000+00:00,4,435271,10115,Prioritized,3,In Progress,To Do,In Progress,2020-08-24T19:02:37.985000+00:00
1,PRJ,61357,PRJ-1373,10004,Bug,2020-08-14T14:58:51.114000+00:00,7,,,,,,,,
1,PRJ,61366,PRJ-1374,10004,Bug,2020-08-14T15:58:18.097000+00:00,5,432576,10000,To Do,3,In Progress,To Do,In Progress,2020-08-14T17:26:00.885000+00:00
1,PRJ,61366,PRJ-1374,10004,Bug,2020-08-14T15:58:18.097000+00:00,6,432585,3,In Progress,10017,Review,In Progress,In Progress,2020-08-14T17:28:38.017000+00:00
1,PRJ,61366,PRJ-1374,10004,Bug,2020-08-14T15:58:18.097000+00:00,8,434592,10017,Review,10016,Deployed,In Progress,Done,2020-08-24T11:27:24.193000+00:00
1,PRJ,61367,PRJ-1375,10004,Bug,2020-08-14T16:00:47.802000+00:00,1,,,,,,,,
1,PRJ,61368,PRJ-1376,10004,Bug,2020-08-14T16:05:49.641000+00:00,3,,,,,,,,
1,PRJ,61461,PRJ-1380,10002,Task,2020-08-17T20:27:31.952000+00:00,3,433233,10000,To Do,10115,Prioritized,To Do,To Do,2020-08-17T20:28:13.947000+00:00
1,PRJ,61461,PRJ-1380,10002,Task,2020-08-17T20:27:31.952000+00:00,7,433234,10115,Prioritized,3,In Progress,To Do,In Progress,2020-08-17T20:28:36.159000+00:00
1,PRJ,61461,PRJ-1380,10002,Task,2020-08-17T20:27:31.952000+00:00,5,433235,3,In Progress,10017,Review,In Progress,In Progress,2020-08-17T20:29:21.371000+00:00
1,PRJ,61461,PRJ-1380,10002,Task,2020-08-17T20:27:31.952000+00:00,5,433236,10017,Review,10000,To Do,In Progress,To Do,2020-08-17T20:29:49.767000+00:00
1,PRJ,61461,PRJ-1380,10002,Task,2020-08-17T20:27:31.952000+00:00,8,433237,10000,To Do,10115,Prioritized,To Do,To Do,2020-08-17T20:32:14.195000+00:00
1,PRJ,61461,PRJ-1380,10002,Task,2020-08-17T20:27:31.952000+00:00,8,433609,10115,Prioritized,10000,To Do,To Do,To Do,2020-08-19T13:53:13.057000+00:00
1,PRJ,61461,PRJ-1380,10002,Task,2020-08-17T20:27:31.952000+00:00,5,433610,10000,To Do,10115,Prioritized,To Do,To Do,2020-08-19T13:53:31.581000+00:00
1,PRJ,61461,PRJ-1380,10002,Task,2020-08-17T20:27:31.952000+00:00,1,433611,10115,Prioritized,3,In Progress,To Do,In Progress,2020-08-19T13:53:37.515000+00:00
1,PRJ,61461,PRJ-1380,10002,Task,2020-08-17T20:27:31.952000+00:00,2,433612,3,In Progress,10017,Review,In Progress,In Progress,2020-08-19T13:53:43.867000+00:00
1,PRJ,61461,PRJ-1380,10002,Task,2020-08-17T20:27:31.952000+00:00,8,433613,10017,Review,10087,Can't Fix,In Progress,Done,2020-08-19T13:53:53.365000+00:00
1,PRJ,61461,PRJ-1380,10002,Task,2020-08-17T20:27:31.952000+00:00,8,433614,10087,Can't Fix,10000,To Do,Done,To Do,2020-08-19T13:54:56.606000+00:00
1,PRJ,61461,PRJ-1380,10002,Task,2020-08-17T20:27:31.952000+00:00,2,433615,10000,To Do,10115,Prioritized,To Do,To Do,2020-08-19T13:55:05.658000+00:00
1,PRJ,61461,PRJ-1380,10002,Task,2020-08-17T20:27:31.952000+00:00,1,433616,10115,Prioritized,3,In Progress,To Do,In Progress,2020-08-19T13:55:08.648000+00:00
1,PRJ,61461,PRJ-1380,10002,Task,2020-08-17T20:27:31.952000+00:00,5,433617,3,In Progress,10017,Review,In Progress,In Progress,2020-08-19T13:55:16.553000+00:00
1,PRJ,61461,PRJ-1380,10002,Task,2020-08-17T20:27:31.952000+00:00,3,433618,10017,Review,10087,Can't Fix,In Progress,Done,2020-08-19T13:55:34.243000+00:00
1,PRJ,61461,PRJ-1380,10002,Task,2020-08-17T20:27:31.952000+00:00,6,433806,10087,Can't Fix,3,In Progress,Done,In Progress,2020-08-19T20:22:57.922000+00:00
1,PRJ,61461,PRJ-1380,10002,Task,2020-08-17T20:27:31.952000+00:00,2,433807,3,In Progress,10016,Deployed,In Progress,Done,2020-08-19T20:23:06.828000+00:00
1,PRJ,61518,PRJ-1381,10004,Bug,2020-08-19T18:23:25.523000+00:00,2,433766,10000,To Do,10115,Prioritized,To Do,To Do,2020-08-19T18:23:33.916000+00:00
1,PRJ,61535,PRJ-1382,10004,Bug,2020-08-20T12:00:45.152000+00:00,4,,,,,,,,
1,PRJ,61703,PRJ-1383,10004,Bug,2020-08-24T20:21:46.505000+00:00,4,,,,,,,,
1,PRJ,61705,PRJ-1384,10001,Story,2020-08-24T20:37:44.961000+00:00,2,435396,10000,To Do,10115,Prioritized,To Do,To Do,2020-08-24T20:43:59.963000+00:00
1,PRJ,61731,PRJ-1385,10002,Task,2020-08-25T13:02:32.379000+00:00,7,,,,,,,,
1,PRJ,61733,PRJ-1386,10002,Task,2020-08-25T13:24:22.567000+00:00,8,,,,,,,,
1,PRJ,61735,PRJ-1387,10000,Epic,2020-08-25T13:55:59.798000+00:00,4,,,,,,,,
1,PRJ,61738,PRJ-1388,10002,Task,2020-08-25T14:12:48.608000+00:00,2,435698,10000,To Do,10115,Prioritized,To Do,To Do,2020-08-25T14:12:59.567000+00:00
1,PRJ,61743,PRJ-1389,10001,Story,2020-08-25T15:22:45.527000+00:00,4,435734,10000,To Do,10001,Accepted,To Do,In Progress,2020-08-25T15:22:53.045000+00:00
1,PRJ,61743,PRJ-1389,10001,Story,2020-08-25T15:22:45.527000+00:00,5,435744,10001,Accepted,10115,Prioritized,In Progress,To Do,2020-08-25T15:23:24.870000+00:00
1,PRJ,61744,PRJ-1390,10001,Story,2020-08-25T15:24:50.171000+00:00,6,435753,10000,To Do,10115,Prioritized,To Do,To Do,2020-08-25T15:24:56.441000+00:00
1,PRJ,61745,PRJ-1391,10002,Task,2020-08-25T15:33:41.504000+00:00,2,435767,10000,To Do,10115,Prioritized,To Do,To Do,2020-08-25T15:34:26.501000+00:00
1,PRJ,61745,PRJ-1391,10002,Task,2020-08-25T15:33:41.504000+00:00,2,436009,10115,Prioritized,10426,In Preparation,To Do,In Progress,2020-08-25T18:58:16.095000+00:00
1,PRJ,61748,PRJ-1392,10001,Story,2020-08-25T16:53:39.953000+00:00,5,,,,,,,,
1,PRJ,61878,PRJ-1393,10000,Epic,2020-08-26T12:00:49.815000+00:00,5,,,,,,,,
1,PRJ,61880,PRJ-1394,10002,Task,2020-08-26T12:04:14.586000+00:00,2,436761,10000,To Do,3,In Progress,To Do,In Progress,2020-08-26T12:04:25.466000+00:00
1,PRJ,61880,PRJ-1394,10002,Task,2020-08-26T12:04:14.586000+00:00,8,436763,3,In Progress,10115,Prioritized,In Progress,To Do,2020-08-26T12:04:31.491000+00:00
1,PRJ,61880,PRJ-1394,10002,Task,2020-08-26T12:04:14.586000+00:00,4,436765,10115,Prioritized,3,In Progress,To Do,In Progress,2020-08-26T12:04:35.269000+00:00
1,PRJ,61881,PRJ-1395,10002,Task,2020-08-26T12:06:25.768000+00:00,8,436768,10000,To Do,10115,Prioritized,To Do,To Do,2020-08-26T12:06:30.035000+00:00
